year,year_code,country,country_code,gdp_current,agriculture,exports,final_exp,gdp_growth,gdp_per_capita,gov_exp,gni_growth_capita,gni_growth,gross_capital_formation,gross_fixed_capital_formation,Households and NPISHs Final consumption expenditure (annual % growth) [NE.CON.PRVT.KD.ZG],Households and NPISHs Final consumption expenditure per capita growth (annual %) [NE.CON.PRVT.PC.KD.ZG],imports,industry,manufacturing,services
1960,YR1960,Afghanistan,AFG,537777811.1,,,,,,,,,,,,,,,,
1960,YR1960,Bangladesh,BGD,4274893913,,,,,,,,,,,,,,,,
1960,YR1960,Bhutan,BTN,,,,,,,,,,,,,,,,,
1960,YR1960,India,IND,37029883876,,,,,,,,,,,,,,,,
1960,YR1960,Maldives,MDV,,,,,,,,,,,,,,,,,
1960,YR1960,Nepal,NPL,508334414,,,,,,,,,,,,,,,,
1960,YR1960,Pakistan,PAK,3749265015,,,,,,,,,,,,,,,,
1960,YR1960,Sri Lanka,LKA,1409873950,,,,,,,,,,,,,,,,
1961,YR1961,Afghanistan,AFG,548888895.6,,,,,,,,,,,,,,,,
1961,YR1961,Bangladesh,BGD,4817580184,5.208136666,-11.50110565,8.94927094,6.058160825,3.019801659,,,,18.76493998,,8.949271935,5.828088082,32.31387339,2.033753924,8.229667505,0.6293599411
1961,YR1961,Bhutan,BTN,,,,,,,,,,,,,,,,,
1961,YR1961,India,IND,39232435784,0.08420744503,-0.1858732123,2.068120621,3.722742533,1.359574512,7.623263789,3.624445582,1.263517111,-1.043265901,13.23412749,1.704835865,-0.6123571621,-9.755901107,6.712676594,8.539505188,4.901664641
1961,YR1961,Maldives,MDV,,,,,,,,,,,,,,,,,
1961,YR1961,Nepal,NPL,531959561.6,,,,1.908265972,-0.03059911044,,,,,,,,,,,
1961,YR1961,Pakistan,PAK,4118647627,-0.2017683794,2.993079102,,5.987346419,3.494937795,-1.094078152,,,60.03190291,52.05409139,,,4.930637836,17.8324406,12.77810655,5.883612879
1961,YR1961,Sri Lanka,LKA,1444327731,7.626580239,3.890403244,-5.191855347,,,1.287192627,,,21.99777687,0.4825539276,-6.335653379,-8.532499749,-9.884266864,0.6861150854,,-0.8870610218
1962,YR1962,Afghanistan,AFG,546666677.8,,,,,,,,,,,,,,,,
1962,YR1962,Bangladesh,BGD,5081413340,5.246177198,20.79654364,-1.743946014,5.45303097,2.338669316,,,,61.88863623,,-1.743950929,-4.645762936,-0.7703344922,26.64647817,7.004629417,0.6389849202
1962,YR1962,Bhutan,BTN,,,,,,,,,,,,,,,,,
1962,YR1962,India,IND,42161481858,-1.989098825,-0.5798312399,2.555346418,2.931127735,0.578972021,20.65604949,2.903355068,0.5518340069,14.19693355,6.569920264,1.302747832,-1.012196563,3.909215401,7.072027924,7.279411765,5.390814772
1962,YR1962,Maldives,MDV,,,,,,,,,,,,,,,,,
1962,YR1962,Nepal,NPL,574091101.2,,,,1.910320031,-0.07156164208,,,,,,,,,,,
1962,YR1962,Pakistan,PAK,4310163797,6.181424042,3.076538524,,4.482858627,2.094496945,8.758123128,,,10.04263551,14.86236042,,,0.7963340274,9.325792912,13.17651692,0.542188598
1962,YR1962,Sri Lanka,LKA,1434156379,3.072221813,5.564754952,8.484892733,3.818019558,1.405726665,5.54167826,6.466038714,3.992217024,-9.035893884,5.405786641,9.04676848,6.512981516,11.64903281,6.078959247,6.116895553,4.921924777
1963,YR1963,Afghanistan,AFG,751111191.1,,,,,,,,,,,,,,,,
1963,YR1963,Bangladesh,BGD,5319458351,-3.364688932,4.830608893,4.911219407,-0.4558942899,-3.405413917,,,,-23.49337904,,4.911218864,1.802670176,16.9471087,3.919266143,5.469352968,4.394314995
1963,YR1963,Bhutan,BTN,,,,,,,,,,,,,,,,,
1963,YR1963,India,IND,48421923459,2.339252223,8.404077896,5.179191075,5.994353262,3.574901046,22.88257737,6.043225533,3.622657747,7.415239548,11.64944731,3.720038534,1.352500366,3.391988817,9.447274592,9.458533242,5.516061119
1963,YR1963,Maldives,MDV,,,,,,,,,,,,,,,,,
1963,YR1963,Nepal,NPL,496947904.4,,,,1.895111645,-0.108267055,,,,,,,,,,,
1963,YR1963,Pakistan,PAK,4630827383,5.211131931,38.9665181,,8.688831518,6.125674927,8.765874485,,,16.14592771,18.01493577,,,17.71290514,12.40955812,11.20431344,11.22126117
1963,YR1963,Sri Lanka,LKA,1240672269,5.830856325,-3.437402913,-4.260333076,2.516748594,0.143451962,2.664809286,1.070297535,-1.269513276,20.04884318,4.317320797,-5.53988607,-7.726668945,-11.20216639,3.516412494,3.280063942,0.4118207653
1964,YR1964,Afghanistan,AFG,800000044.4,,,,,,,,,,,,,,,,
1964,YR1964,Bangladesh,BGD,5386054619,9.538324061,3.742608147,10.59354499,10.95278855,7.668926369,,,,25.29793303,,10.59354638,7.32031667,16.31648349,36.05367954,4.940765648,1.316838814
1964,YR1964,Bhutan,BTN,,,,,,,,,,,,,,,,,
1964,YR1964,India,IND,56480289941,9.224274695,-6.512049662,5.84004787,7.452950123,5.008485432,4.470510476,7.407094053,4.963672549,10.40383295,7.706273017,5.973783118,3.562968239,3.379742775,6.479269772,6.914750876,5.351968376
1964,YR1964,Maldives,MDV,,,,,,,,,,,,,,,,,
1964,YR1964,Nepal,NPL,496098775.3,,,,7.532448553,5.38135373,,,,,,,,,,,
1964,YR1964,Pakistan,PAK,5204955901,2.517768049,-2.522624695,,7.569757449,4.957697612,26.8099827,,,10.73926561,10.77949512,,,6.599837277,14.93196666,11.36628711,6.657980345
1964,YR1964,Sri Lanka,LKA,1309747899,3.262000856,0.04735656622,4.868853632,3.906433837,1.488703164,6.979456087,4.891379729,2.450730996,-9.495041271,1.549330423,4.445006594,2.014744224,0.4348385475,5.202431876,5.47481872,9.319956026
1965,YR1965,Afghanistan,AFG,1006666638,,,,,,,,,,,,,,,,
1965,YR1965,Bangladesh,BGD,5906636557,-1.066446185,-5.189871729,0.4816684361,1.606258229,-1.391020978,,,,11.85287022,,0.481668983,-2.482436008,-0.4036266239,7.88599114,4.280426134,5.337387207
1965,YR1965,Bhutan,BTN,,,,,,,,,,,,,,,,,
1965,YR1965,India,IND,59554854576,-11.04219709,-13.86417647,0.9319467386,-2.63577011,-4.788008238,9.693479029,-2.691398106,-4.842406576,10.38261014,3.213904824,0.08852005521,-2.123938558,-11.05620779,4.525376828,0.9287148527,2.890107012
1965,YR1965,Maldives,MDV,,,,,,,,,,,,,,,,,
1965,YR1965,Nepal,NPL,735267082.3,,,,-1.203189018,-3.227261562,,,,,,,,,,,
1965,YR1965,Pakistan,PAK,5929231415,5.246843802,0.5554786419,,10.41936582,7.673805395,-4.234595959,,,21.53638348,21.2511107,,,12.49341952,11.19999254,9.927816373,12.98145539
1965,YR1965,Sri Lanka,LKA,1698319328,-6.474339614,6.037934944,-0.2388954658,2.536953536,0.1297012159,6.020839849,2.009592393,-0.3852791094,-8.885320293,-5.092005583,-1.52646705,-3.838322752,-2.255490718,0.5679634483,1.231721385,9.126313365
1966,YR1966,Afghanistan,AFG,1399999967,,,,,,,,,,,,,,,,
1966,YR1966,Bangladesh,BGD,6439687598,2.5904944,14.33244558,1.841662949,2.566812001,-0.4372517473,1.841662455,,,4.241953086,,1.696345028,-1.282223746,4.059256517,-4.007914719,6.052464094,3.193783989
1966,YR1966,Bhutan,BTN,,,,,,,,,,,,,,,,,
1966,YR1966,India,IND,45865462034,-1.422579223,25.84036221,1.339329511,-0.05532877045,-2.183001818,1.716184214,-0.1982201056,-2.32285121,4.743679748,1.421908368,1.299570301,-0.8569465278,28.62227578,3.568279108,0.7875321238,3.135356556
1966,YR1966,Maldives,MDV,,,,,,,,,,,,,,,,,
1966,YR1966,Nepal,NPL,906811943.8,11.70843981,,,7.040643145,4.826629377,,,,,,,,,,,1.186598444
1966,YR1966,Pakistan,PAK,6561108778,0.4527813664,10.71320315,,5.789951801,3.089915912,27.20489226,,,-24.09619439,-16.07829346,,,-7.103777117,8.021500881,8.594194543,14.44792905
1966,YR1966,Sri Lanka,LKA,1751470588,1.769839341,-5.909313362,8.645582766,5.023789438,2.533634483,0.220361676,5.731289458,3.224359402,16.93998608,9.606533958,10.51139717,7.891128897,4.768537872,8.168346988,8.106786991,3.20192797
1967,YR1967,Afghanistan,AFG,1673333418,,,,,,,,,,,,,,,,
1967,YR1967,Bangladesh,BGD,7253575399,-2.693533641,-11.76621835,-2.947136685,-1.87586392,-4.781817458,-2.94713638,,,12.88469457,,-0.4764414394,-3.423838978,16.83681467,-13.32195305,-0.02864065575,6.014514688
1967,YR1967,Bhutan,BTN,,,,,,,,,,,,,,,,,
1967,YR1967,India,IND,50134942204,14.87087224,4.956135514,5.373947208,7.825963031,5.55485816,2.697832978,7.891508378,5.619022945,-4.154384781,6.462294261,5.657445807,3.432015743,-3.943618053,3.341438169,0.3865767439,3.674120253
1967,YR1967,Maldives,MDV,,,,,,,,,,,,,,,,,
1967,YR1967,Nepal,NPL,841974025.5,-4.115736274,,,-1.5714975,-3.633058942,,,,,,,,,,,1.986921425
1967,YR1967,Pakistan,PAK,7464510710,5.484009455,4.841004934,,5.400612597,2.640894601,-6.496507836,,,11.72832699,-0.6854265708,,,13.80902144,3.559808599,5.660377416,0.7370310883
1967,YR1967,Sri Lanka,LKA,1859465021,8.931656162,6.207862354,0.7492142305,6.43902442,3.910040176,3.602833055,6.304281228,3.778498473,8.359771004,8.161990223,0.1761121397,-2.20406572,-4.368504911,8.930112224,8.509624402,1.163921341
1968,YR1968,Afghanistan,AFG,1373333367,,,,,,,,,,,,,,,,
1968,YR1968,Bangladesh,BGD,7483685474,10.27067214,4.000185206,1.434018863,9.489454015,6.25388242,1.434018624,,,34.92362843,,3.061650854,0.01603013156,-5.497771847,18.40282923,14.71128495,-0.3289849445
1968,YR1968,Bhutan,BTN,,,,,,,,,,,,,,,,,
1968,YR1968,India,IND,53085455871,-0.1582789851,3.138040777,2.871393673,3.387929176,1.169729838,5.246445185,3.411957751,1.193242878,-2.0622413,5.343287267,2.626836461,0.4249664511,-14.36097613,4.726125464,5.538713642,4.417195904
1968,YR1968,Maldives,MDV,,,,,,,,,,,,,,,,,
1968,YR1968,Nepal,NPL,772228643.4,0.5357807498,,,0.675483463,-1.467745771,,,,,,,,,,,0.6445773212
1968,YR1968,Pakistan,PAK,8041999160,11.73059315,6.72488983,,7.233220925,4.376935176,-1.047852128,,,13.03752838,-4.712026051,,,6.605467136,5.100720815,6.37400797,3.086014453
1968,YR1968,Sri Lanka,LKA,1801344538,6.045210841,0.07486946124,9.284512354,5.801094166,3.319880225,0.04898606206,4.503704841,2.052916865,21.8706396,6.995803391,11.20276206,8.594869903,11.00996004,15.67824169,15.46061755,6.115269723
1969,YR1969,Afghanistan,AFG,1408888922,,,,,,,,,,,,,,,,
1969,YR1969,Bangladesh,BGD,8471006101,0.9724071348,4.597773716,4.933762492,1.220857909,-1.65479154,4.933762569,,,-7.883476543,,4.043361363,1.08752557,8.061735867,6.022495614,3.15221478,7.657829225
1969,YR1969,Bhutan,BTN,,,,,,,,,,,,,,,,,
1969,YR1969,India,IND,58447995017,6.427516144,-1.93800431,4.262054785,6.539700299,4.218131001,9.450936203,6.561092471,4.239057023,11.03877599,0.06814707173,3.714121501,1.454123401,-13.03513508,7.293740607,10.72898066,4.961139341
1969,YR1969,Maldives,MDV,,,,,,,,,,,,,,,,,
1969,YR1969,Nepal,NPL,788641965.4,3.001527377,,,4.463421603,2.230458804,,,,,,,,,,,5.071273848
1969,YR1969,Pakistan,PAK,8683116338,4.5164815,9.059728258,,5.507899634,2.668720146,1.348978058,,,-17.77795769,-7.079445552,,,-16.38733823,11.97467904,8.626719471,5.623293901
1969,YR1969,Sri Lanka,LKA,1965546218,1.315919529,-0.5828627538,8.31648641,7.716819662,5.27110393,0.2937471997,8.690246673,6.222429233,14.15316542,34.43347404,9.815699213,7.322328318,7.101410045,10.29090699,10.2383541,4.252621562
1970,YR1970,Afghanistan,AFG,1748886596,,,,,,,,,,,,,,,,
1970,YR1970,Bangladesh,BGD,8992721809,5.422769301,10.48184611,9.929563604,5.619852293,3.00061464,9.929564254,,,-7.077978781,,8.741124446,6.044483224,11.86173729,0.7376723134,3.548308018,-1.111667137
1970,YR1970,Bhutan,BTN,,,,,,,,,,,,,,,,,
1970,YR1970,India,IND,62422483055,7.092165396,31.55781635,4.007100761,5.157229737,2.85855823,9.491132192,5.182202393,2.882984999,-0.1655263547,-5.546659969,3.39596815,1.135796723,17.91495982,0.348007685,2.348734489,4.728129205
1970,YR1970,Maldives,MDV,,,,,,,,,,,,,,,,,
1970,YR1970,Nepal,NPL,865975308.6,3.461199363,,,2.575992127,0.3654113254,,,,,,,,,,,4.734579488
1970,YR1970,Pakistan,PAK,10027509450,9.548701873,15.83699874,,11.35346172,8.322102222,15.71276424,,,17.8113786,13.65454548,,,47.99268859,15.2481156,11.33290404,7.029634728
1970,YR1970,Sri Lanka,LKA,2296470588,4.088839006,4.288099811,-2.434606631,3.846629857,1.594426125,3.677165654,-1.348184885,-3.487724573,22.1670186,3.853028155,-3.477685625,-5.571041152,-5.91354485,9.297109778,9.035677375,1.630760222
1971,YR1971,Afghanistan,AFG,1831108971,,,,,,,,,,,,,,,,
1971,YR1971,Bangladesh,BGD,8751842840,-4.508098223,-27.61810098,-1.509207587,-5.479483027,-6.632846648,-1.509208431,,,-24.08474399,,-3.519349252,-4.696630929,-21.60488051,-19.63835617,-16.2839037,-6.793181954
1971,YR1971,Bhutan,BTN,,,,,,,,,,,,,,,,,
1971,YR1971,India,IND,67350988021,-1.877366736,1.052037206,2.774979774,1.642930375,-0.5857058944,9.801784576,1.668315447,-0.5608774195,8.36132865,10.3970657,1.945761708,-0.2895144815,18.02848349,2.509951253,3.267570905,3.877233891
1971,YR1971,Maldives,MDV,,,,,,,,,,,,,,,,,
1971,YR1971,Nepal,NPL,882765471.6,0.7070231321,,,-1.195383302,-3.311370476,,,,,,,,,,,-6.136030952
1971,YR1971,Pakistan,PAK,10665896682,-3.069826622,0.8881869379,,0.4683725485,-2.152156811,2.622646159,,,0.1590246048,-1.15619118,,,-10.01607316,6.390516404,6.43917485,2.543464275
1971,YR1971,Sri Lanka,LKA,2369308600,-2.572254456,-3.189177321,-0.4947582649,1.306905397,-0.775961357,7.831158914,-0.4743563389,-2.520600408,-6.244833899,-9.554613009,-2.021049851,-4.035493951,-9.8254236,0.1419678928,0.3070998428,1.905652985
1972,YR1972,Afghanistan,AFG,1595555476,,,,,,,,,,,,,,,,
1972,YR1972,Bangladesh,BGD,6288245867,-10.70660626,-22.88909462,-4.240366034,-13.9737287,-15.17765876,-4.240365937,,,-55.64297144,,-6.172488692,-7.48559641,-0.1098385736,-46.68484858,-45.54445169,-5.648584533
1972,YR1972,Bhutan,BTN,,,,,,,,,,,,,,,,,
1972,YR1972,India,IND,71463193831,-5.018479761,8.237854447,0.7024272458,-0.5533013053,-2.743920031,0.9584680232,-0.5234772662,-2.714752958,-4.580993851,4.297837466,0.6698840479,-1.547679089,-1.888413706,3.742333488,3.920398005,3.086096956
1972,YR1972,Maldives,MDV,,,,,,,,,,,,,,,,,
1972,YR1972,Nepal,NPL,1024098805,0.7305935801,,,3.117800364,0.9266235427,,,,,,,,,,,5.058104669
1972,YR1972,Pakistan,PAK,9415016360,3.470626837,-17.18437484,,0.8134064046,-1.816669331,17.45222505,,,-5.429391939,-5.581479024,,,-31.81337491,-1.485655728,1.249773627,3.547880687
1972,YR1972,Sri Lanka,LKA,2553936348,2.833079211,-2.03844495,-4.052511127,-0.4104799111,-2.359058338,6.476478845,0.4729353872,-1.492928031,13.2729811,1.565668287,-6.176751344,-8.012506332,-7.757072973,-1.376332358,-1.117605201,6.066461773
1973,YR1973,Afghanistan,AFG,1733333264,,,,,,,,,,,,,,,,
1973,YR1973,Bangladesh,BGD,8086725729,0.2728717688,85.74529786,-12.26667502,3.325680199,0.7142285988,-12.26667513,,,96.48084936,,-14.01988139,-16.19294154,-50.39552591,69.68998827,64.96377036,8.643388867
1973,YR1973,Bhutan,BTN,,,,,,,,,,,,,,,,,
1973,YR1973,India,IND,85515269585,7.201906548,4.963455874,2.160703661,3.295521135,0.9961355545,-0.1403976435,3.33738303,1.037065593,19.44048949,-2.636837124,2.454015783,0.1733623339,8.07509593,0.5927431567,4.449125494,3.300721942
1973,YR1973,Maldives,MDV,,,,,,,,,,,,,,,,,
1973,YR1973,Nepal,NPL,972101725,-0.8499640289,,,-0.4765362679,-2.594050104,,,,,,,,,,,-17.84179349
1973,YR1973,Pakistan,PAK,6383429490,1.665212911,5.746911083,,7.064263857,4.106332712,6.303387757,,,3.612544148,3.856405065,,,-11.22594409,10.34841393,8.72987478,9.642207399
1973,YR1973,Sri Lanka,LKA,2875625000,-0.9519819918,1.1554648,9.541029012,7.057398935,5.039381684,-9.691084597,6.319011898,4.314913142,-29.93033774,-6.61969631,13.94441894,11.79658231,-2.553215337,5.854221841,6.017637886,5.285280509
1974,YR1974,Afghanistan,AFG,2155555498,,,,,,,,,,,,,,,,
1974,YR1974,Bangladesh,BGD,12512460520,6.438208427,-29.44027276,-3.191739795,9.5919563,6.88326498,52.21781049,9.306639152,6.604999773,147.331646,,-4.83609786,-7.188183218,-37.33720282,20.60461415,42.58722775,-0.8880348069
1974,YR1974,Bhutan,BTN,,,,,,,,,,,,,,,,,
1974,YR1974,India,IND,99525899116,-1.523356923,8.199797299,-0.479926542,1.185336255,-1.074028888,-3.735969356,1.328669885,-0.9338957511,-5.147043843,3.84659113,-0.07540167227,-2.306615825,-12.75808591,1.564940451,2.91511337,3.765134545
1974,YR1974,Maldives,MDV,,,,,,,,,,,,,,,,,
1974,YR1974,Nepal,NPL,1217953547,5.629214565,,,6.333590372,4.067921798,,,,,,,,,-3.47100337,9.107256809,6.799325397
1974,YR1974,Pakistan,PAK,8899191919,4.180641146,-17.27392681,,3.540191713,0.6232721281,-15.02828198,,,-4.837821581,-2.504696333,,,15.62329917,8.411875601,6.350773276,9.789823013
1974,YR1974,Sri Lanka,LKA,3574586466,5.579897057,-13.34199556,0.7018661696,3.845830836,1.923819427,6.402326045,2.557151829,0.6589916967,82.37263316,26.28628723,-0.3325792731,-2.17725535,-2.385677748,-3.841776595,-3.618061197,5.642495466
1975,YR1975,Afghanistan,AFG,2366666616,,,,,,,,,,,,,,,,
1975,YR1975,Bangladesh,BGD,19448348073,-4.563524652,12.17450361,-4.328413663,-4.088214092,-6.338391778,1.557609665,-4.238946687,-6.485588049,-22.08892877,,-4.607814002,-6.845801402,-10.82542439,-12.59212084,-10.91872791,5.853699239
1975,YR1975,Bhutan,BTN,,,,,,,,,,,,,,,,,
1975,YR1975,India,IND,98472796457,12.88978365,16.44883832,6.104326698,9.149912016,6.733780786,9.65879063,9.21644707,6.798843027,-10.06789903,-1.794300238,5.678903806,3.339606457,1.27946128,7.418779087,2.108076009,6.098824607
1975,YR1975,Maldives,MDV,,,,,,,,,,,,,,,,,
1975,YR1975,Nepal,NPL,1575789254,1.682633287,,,1.456470709,-0.7236840361,,,,,,,,,-8.360673712,-1.009236052,0.7334731198
1975,YR1975,Pakistan,PAK,11230606061,-2.118739253,11.54682957,,4.211415631,1.186000345,11.31536774,,,11.42935817,6.859346587,,,-6.357855877,1.956096501,0.5259900775,10.03778336
1975,YR1975,Sri Lanka,LKA,3791298146,-2.772332879,20.03838349,1.824094622,6.126233161,4.172620072,-15.39119844,5.292754538,3.354484449,-15.16914973,2.730965267,5.159203532,3.223391901,-0.8332151656,1.427099651,1.805035463,6.442341066
1976,YR1976,Afghanistan,AFG,2555555567,,,,,,,,,,,,,,,,
1976,YR1976,Bangladesh,BGD,10117113333,8.387863927,24.76786434,8.224192837,5.661361201,3.337678291,174.1248991,5.57106677,3.249369596,18.25109018,,-0.159838602,-2.355502884,37.62887924,-1.545747865,-0.6908634587,3.301799074
1976,YR1976,Bhutan,BTN,,,,,,,,,,,,,,,,,
1976,YR1976,India,IND,102717164466,-5.778182819,19.81883692,2.600758564,1.663103638,-0.5580621144,7.486613067,1.690743387,-0.5310262472,18.27993256,10.93191354,1.993962945,-0.23443152,1.896219441,8.408161396,8.769991274,4.601953483
1976,YR1976,Maldives,MDV,,,,,,,,,,,,,,,,,
1976,YR1976,Nepal,NPL,1452792989,0.5480475493,,,4.398536178,2.159571478,,,,,,,,,12.12978746,3.353376881,6.441913165
1976,YR1976,Pakistan,PAK,13168080808,4.474529601,14.15251708,,5.15618959,2.006001303,8.376050187,,,1.85002882,15.82521889,,,6.959644251,4.903005757,1.385041541,1.453588189
1976,YR1976,Sri Lanka,LKA,3591319857,1.377610554,2.251865207,2.788090204,3.335106692,1.434362009,15.06388938,-0.451445,-2.282539897,25.27451562,36.52930023,0.8746555684,-0.9808316063,13.597425,7.908592929,7.742616446,1.423675738
1977,YR1977,Afghanistan,AFG,2953333418,,,,,,,,,,,,,,,,
1977,YR1977,Bangladesh,BGD,9651149302,-3.658242081,25.45434968,-8.741531324,2.67305605,0.3634276791,18.35363386,2.295495294,-0.005639854704,26.22433567,,-12.50111435,-14.46940006,-44.67329682,17.14595329,11.65995407,7.332971973
1977,YR1977,Bhutan,BTN,,,,,,,,,,,,,,,,,
1977,YR1977,India,IND,121487322476,10.03625382,-3.567356247,7.606283101,7.254764588,4.912095731,3.419491088,7.285890058,4.942541356,16.63006451,13.52452714,8.154261201,5.791945453,27.39561353,6.82266577,6.223600493,4.650680334
1977,YR1977,Maldives,MDV,,,,,,,,,,,,,,,,,
1977,YR1977,Nepal,NPL,1382400000,-4.180555588,,,3.016973442,0.7535556413,,,,,,,,,28.54425229,10.60970612,4.591947417
1977,YR1977,Pakistan,PAK,15126060606,2.525807174,-17.58210026,,3.947698287,0.7623388829,2.859397903,,,12.01039022,7.106531276,,,10.66862664,2.946555579,1.806314543,3.0291065
1977,YR1977,Sri Lanka,LKA,4104509583,10.299343,-13.27699454,8.710919346,5.100590264,3.181696614,-9.205148326,5.341122116,3.417836911,-5.018367186,-1.558896665,11.89631611,9.853348229,-5.68760837,-3.938994453,-3.850747169,5.22084533
1978,YR1978,Afghanistan,AFG,3300000109,,,,,,,,,,,,,,,,
1978,YR1978,Bangladesh,BGD,13281767143,7.834220164,-7.668830478,11.88503496,7.073837733,4.571541474,-8.416457275,7.207566329,4.702144858,25.81065379,,15.69529762,12.9915194,58.65672158,4.586990389,1.177487729,3.568337715
1978,YR1978,Bhutan,BTN,,,,,,,,,,,,,,,,,
1978,YR1978,India,IND,137300295313,2.302506766,7.803030303,6.254961777,5.712532089,3.398876544,7.398901827,5.796600871,3.481105373,18.99825504,5.172030339,6.111794478,3.789400559,0.04914381923,6.618877083,12.35214174,6.296026407
1978,YR1978,Maldives,MDV,,,,,,,,,,,,,,,,,
1978,YR1978,Nepal,NPL,1604162497,-0.03865942332,,,4.405741389,2.033172094,,,,,,,,,10.41098767,-1.363039828,6.807690922
1978,YR1978,Pakistan,PAK,17811515152,2.820622679,12.75724782,,8.048533619,4.670487814,7.577686895,,,3.886727845,4.343401197,,,6.824757348,9.5144098,10.21321009,10.50643307
1978,YR1978,Sri Lanka,LKA,2733183857,5.592470067,9.472426907,6.496025202,5.653836858,3.762321087,17.60540726,11.22310481,9.231882687,44.00010347,54.90642659,4.893310659,3.015410553,36.9185552,15.05835259,14.8700428,6.479900849
1979,YR1979,Afghanistan,AFG,3697940410,,,,,,,,,,,,,,,,
1979,YR1979,Bangladesh,BGD,15565480322,-0.6648070577,16.50449285,4.177328816,4.801634601,2.369812015,11.28179785,4.96910443,2.533395866,11.37851899,,3.121823778,0.7289796109,10.96334255,21.1330198,11.19000612,-1.946641571
1979,YR1979,Bhutan,BTN,,,,,,,,,,,,,,,,,
1979,YR1979,India,IND,152991653794,-12.77469046,11.154191,-1.287283174,-5.238182704,-7.321991041,6.257460891,-5.000663903,-7.089695268,-11.63264371,-0.06497268492,-2.242982487,-4.392655149,19.32083754,-2.959241017,-3.221181847,2.593344644
1979,YR1979,Maldives,MDV,,,,,,,,,,,,,,,,,
1979,YR1979,Nepal,NPL,1851250008,3.02208968,,,2.368877795,0.01904881935,,,,,,,,,2.918258208,-2.88907333,1.85382765
1979,YR1979,Pakistan,PAK,19688383838,3.097437323,13.30941917,,3.758435569,0.249198303,-0.3126218663,,,4.954647318,2.518924998,,,30.24648415,7.624369135,8.008657957,6.108799049
1979,YR1979,Sri Lanka,LKA,3364611432,1.94015009,13.79610723,2.128963145,6.403556926,4.567613072,-2.805141311,14.64786504,12.66966948,34.07506527,29.87641692,2.927057266,1.151098796,18.94676215,10.12343247,10.17326803,6.717168912
1980,YR1980,Afghanistan,AFG,3641723322,,,,,,,,,,,,,,,,
1980,YR1980,Bangladesh,BGD,18138049096,-1.518205102,0.9550830447,3.100592148,0.8191418689,-1.609286099,-2.858537818,1.168465239,-1.268376872,17.44723633,,4.055991821,1.549597935,33.43829917,-3.820950915,2.325026592,8.971776236
1980,YR1980,Bhutan,BTN,128717410.9,,,,,,,,,,,,,,,,
1980,YR1980,India,IND,186325345087,12.88822533,5.23732969,8.473115381,6.735821529,4.349374093,4.639952033,6.858320854,4.469134522,8.564709927,2.382418078,9.00088645,6.563795675,14.35419805,5.650548272,0.1944264409,3.450051113
1980,YR1980,Maldives,MDV,42463576.16,,,,,,,,,,,,,,,,
1980,YR1980,Nepal,NPL,1945916583,-4.783601868,,,-2.319394205,-4.585257074,,,,,,,,,-2.628496432,2.572087592,1.295091791
1980,YR1980,Pakistan,PAK,23654444444,6.608285614,19.50688334,,10.21570404,5.818348808,5.83938932,,,8.094581961,8.32220112,,,4.004601485,10.76871545,10.25801603,5.906522853
1980,YR1980,Sri Lanka,LKA,4024621900,2.911458855,3.601302109,6.808305956,5.846026516,4.107432826,-3.111339971,6.986254822,5.228932099,27.86202089,16.02070264,8.323456129,6.544168955,19.24964809,4.719509884,4.927112552,7.794705973
1981,YR1981,Afghanistan,AFG,3478787909,,,,,,,,,,,,,,,,
1981,YR1981,Bangladesh,BGD,20249694002,3.303884672,-31.76700648,-2.036555304,7.233943695,4.464474801,17.34728296,9.275869704,6.453665172,22.85633606,22.85633606,-3.395966399,-5.890902768,-52.51149738,5.009257621,4.318814488,3.445880622
1981,YR1981,Bhutan,BTN,139150441.3,5.68086717,,,15.12229484,11.52768585,,,,,,,,,69.9820821,145.625,4.000618711
1981,YR1981,India,IND,193490610030,4.601673302,-0.8169340533,4.332288873,6.006203626,3.62086273,4.209100079,5.781550093,3.401264329,-5.480822828,-0.1261711695,4.348571593,2.000530566,10.02942042,8.294633162,8.169627184,5.676643017
1981,YR1981,Maldives,MDV,44781456.95,,,,,,,,,,,,,,,,
1981,YR1981,Nepal,NPL,2275583317,10.48717829,,,8.341974135,5.836236544,,,,,,,,,11.82923633,3.831197287,3.725510459
1981,YR1981,Pakistan,PAK,28100606061,3.658536587,18.24684092,,7.920763572,3.25132238,6.053559708,,,5.992781719,-0.2195111495,,,-20.89206195,9.381614767,10.63273886,6.577903189
1981,YR1981,Sri Lanka,LKA,4415844156,6.81774259,10.01363797,34.6945301,5.699524767,4.059429388,12.53447927,4.15976323,2.543559689,-15.89555809,-6.126232136,37.72200606,35.58503121,-6.973948421,2.335985533,2.457738376,6.991574844
1982,YR1982,Afghanistan,AFG,,,,,,,,,,,,,,,,,
1982,YR1982,Bangladesh,BGD,18525399202,1.02373719,-4.455747303,-2.991261843,2.134327836,-0.6342625738,0.3102924938,2.110828009,-0.6571253826,8.590092769,8.590092769,-3.169707013,-5.794519122,9.404472311,3.377545207,0.7681525421,3.295313821
1982,YR1982,Bhutan,BTN,141366534.5,4.816130334,,,3.439773849,0.2678150938,,,,,,,,,7.53968342,-12.97709924,-2.122482797
1982,YR1982,India,IND,200715145363,-0.2808349357,6.020508022,2.005283481,3.47573324,1.162592174,9.620059012,3.1406132,0.8349635515,3.012559511,5.646286235,1.000130901,-1.257669485,3.45417012,1.959145178,3.288152768,7.495287594
1982,YR1982,Maldives,MDV,47911119.78,,,,,,,,,,,,,,,,
1982,YR1982,Nepal,NPL,2395429852,4.582761631,,,3.779374654,1.383890347,,,,,,,,,8.446312228,8.364533445,2.821473827
1982,YR1982,Pakistan,PAK,30725971564,4.723886318,-5.984815186,,6.5374868,2.221561385,8.728249013,,,18.53184882,14.37281574,,,-0.4732067042,10.73857941,13.75313521,7.898179562
1982,YR1982,Sri Lanka,LKA,4768765017,2.358856899,4.533188836,3.088679491,4.141495702,2.607120778,-1.943023806,5.764033946,4.205753258,4.851496315,6.020787036,3.650383134,2.123244046,14.6515773,2.375201585,2.645423415,7.632710102
1983,YR1983,Afghanistan,AFG,,,,,,,,,,,,,,,,,
1983,YR1983,Bangladesh,BGD,17609048822,3.889743451,9.235929925,2.613277267,3.8810464,1.039844812,2.483436444,5.172890207,2.296356008,4.512158549,4.512158549,2.620547218,-0.1861790501,-4.147422473,3.899067443,3.169530988,3.959340618
1983,YR1983,Bhutan,BTN,156687192.1,7.888847714,,,10.43101594,7.081517523,,,,,,,,,27.95076935,13.15789474,2.49940814
1983,YR1983,India,IND,218262273407,10.12097408,-0.9149182734,7.349639309,7.288892903,4.892732989,4.474098301,7.183680427,4.789870299,6.774625739,7.331354804,7.761606424,5.354889059,21.9841771,7.548804685,10.2319887,6.412670073
1983,YR1983,Maldives,MDV,57829787.23,,,,,,,,,,,,,,,,
1983,YR1983,Nepal,NPL,2447174803,-1.08207801,,,-2.977405857,-5.258215728,,,,,,,,,-3.405201712,4.603371772,-5.178085678
1983,YR1983,Pakistan,PAK,28691889764,4.404551342,24.57253416,,6.778378339,2.965681287,18.0327849,,,2.452029075,5.336234912,,,11.10697253,4.938087533,7.033521336,9.241570217
1983,YR1983,Sri Lanka,LKA,5167913302,4.826151179,-0.7215601185,6.360407333,4.81399097,3.324691798,18.82125745,3.23780806,1.770904829,12.1855185,14.58865909,5.044432832,3.551859318,10.7858205,1.584193194,1.751921788,6.54272105
1984,YR1984,Afghanistan,AFG,,,,,,,,,,,,,,,,,
1984,YR1984,Bangladesh,BGD,18920840000,4.905098749,-0.9446401294,7.017823768,4.803310015,2.014701336,3.724793494,4.604548798,1.821228762,9.95603573,9.95603573,7.201958503,4.349526535,-6.468242325,9.628580418,9.352096076,4.163731874
1984,YR1984,Bhutan,BTN,160459970.5,5.216754221,,,4.556658989,1.413943761,,,,,,,,,2.205250422,3.100775194,3.682223104
1984,YR1984,India,IND,212158234167,1.585092368,7.297851954,3.437595501,3.820737856,1.497907949,7.435112875,3.684958309,1.365166261,5.036120207,1.666610953,2.882359107,0.5805239863,-14.3300619,3.923491316,4.207971012,6.576133789
1984,YR1984,Maldives,MDV,109503546.1,,,,,,,,,,,,,,,,
1984,YR1984,Nepal,NPL,2581207388,9.712226507,,,9.681130016,7.115664441,,,,,,,,,7.878640685,16.92607498,10.79303973
1984,YR1984,Pakistan,PAK,31151825467,-4.824495034,-3.69210037,,5.065205605,1.797705947,12.20238446,,,4.874966932,5.213734677,,,7.232582373,7.062423932,7.885159615,7.896720002
1984,YR1984,Sri Lanka,LKA,6043474843,-0.5666479501,-0.7610276638,8.695439912,5.099146558,3.623929862,-8.288170166,2.420991924,0.9833669551,2.411920977,1.19755566,10.72429447,9.170120786,10.76442534,6.845897529,7.048927619,6.766808126
1985,YR1985,Afghanistan,AFG,,,,,,,,,,,,,,,,,
1985,YR1985,Bangladesh,BGD,22278423077,0.1904308213,7.898771827,1.336732664,3.342014654,0.7305904092,1.646922801,2.237514885,-0.3459989553,5.923776598,5.923776598,1.3199505,-1.240376741,7.241936504,6.188435482,5.491841856,3.528473962
1985,YR1985,Bhutan,BTN,163272314.8,4.259787873,,,4.028533,0.9447858907,,,,,,,,,-5.905130352,-7.01754386,17.40798386
1985,YR1985,India,IND,232511877842,0.3142732713,-6.314910873,4.979951091,5.254299223,2.914206593,10.5396814,5.324642596,2.982986039,7.96894764,4.605903661,4.173558345,1.857493558,13.87090923,4.465440879,3.187489763,7.831989524
1985,YR1985,Maldives,MDV,127190758,,,,,,,,,,,,,,,,
1985,YR1985,Nepal,NPL,2619913956,2.227716279,,,6.144905237,3.730635055,,,,,,,,,28.42272335,24.09413921,4.030109505
1985,YR1985,Pakistan,PAK,31144920844,10.92425692,-0.360031031,,7.592114699,4.138315668,6.756558828,,,10.15062674,10.24792784,,,8.916550394,7.833488271,8.089531265,7.923034815
1985,YR1985,Sri Lanka,LKA,5978460972,9.367211415,4.999093648,6.392143241,4.999406369,3.520891727,0.9080825678,7.832852305,6.314439425,-4.454465734,-2.002706878,6.934775482,5.429008576,-6.487424739,4.961225841,3.523799822,3.102172168
1986,YR1986,Afghanistan,AFG,,,,,,,,,,,,,,,,,
1986,YR1986,Bangladesh,BGD,21774033333,3.325031424,-1.149299586,3.118485246,4.173382559,1.721851265,7.922520927,4.491832336,2.032806905,5.613789972,5.613789972,2.857734645,0.4371647346,-4.158554732,6.908457935,7.437803362,4.023559063
1986,YR1986,Bhutan,BTN,191230747.1,5.017116971,,,11.3921976,8.128880274,,,,,,,,,26.90973589,-3.773584906,14.11379818
1986,YR1986,India,IND,248985994041,-0.4094844496,5.43238102,3.988778087,4.776564168,2.460505288,9.401977592,4.720214538,2.405401251,3.587318083,9.529805471,3.155657954,0.8754287865,17.08396894,6.126621387,5.494239512,8.050210693
1986,YR1986,Maldives,MDV,141882254.2,,,,,,,,,,,,,,,,
1986,YR1986,Nepal,NPL,2850784523,2.701981355,,,4.565650546,2.255047356,,,,,,,,,11.024213,15.17323502,5.139925057
1986,YR1986,Pakistan,PAK,31899070056,5.948723723,32.80837916,,5.501653664,1.834970708,10.02829706,,,4.370147855,4.797607541,,,-2.461336572,8.100123639,7.549942285,5.769589971
1986,YR1986,Sri Lanka,LKA,6405210564,2.609082715,12.97497137,-1.088315181,4.355546917,2.87641264,3.114405704,4.368587894,2.889268775,9.094080889,9.522704831,-1.480725924,-2.877136939,7.680517549,6.086835733,6.086527418,4.22109172
1987,YR1987,Afghanistan,AFG,,,,,,,,,,,,,,,,,
1987,YR1987,Bangladesh,BGD,24298032258,0.09503340541,1.90038376,2.699781037,3.772401853,1.481432356,2.045001266,4.199970201,1.899561335,10.29012003,10.29012003,2.737070787,0.4689581559,5.701788503,8.626892432,8.107726747,3.766170271
1987,YR1987,Bhutan,BTN,242770861.6,4.601261016,,,29.05432385,25.3197208,,,,,,,,,89.21741456,54.06162465,14.0442359
1987,YR1987,India,IND,279033584092,-1.587796599,12.72727851,4.096223938,3.965355635,1.691962091,8.194004272,3.793674533,1.524035112,13.17227723,11.04625708,3.427365228,1.165735833,-1.668219433,5.468973211,5.60002172,6.8808791
1987,YR1987,Maldives,MDV,141223029.4,,,,,,,,,,,,,,,,
1987,YR1987,Nepal,NPL,2957255380,-0.6972890103,,,1.695618266,-0.4645599625,,,,,,,,,2.248713986,2.316738449,4.271442743
1987,YR1987,Pakistan,PAK,33351529275,3.253661677,11.98963795,4.948071047,6.452343025,2.74307172,13.23965613,6.344129723,2.63862905,3.967461665,4.291846138,3.52264558,-0.08454208468,1.991929004,8.645396548,7.527105543,5.862479105
1987,YR1987,Sri Lanka,LKA,6682167120,-5.953552104,0.5168615971,3.357253414,1.725610693,0.2887418111,-1.187768126,1.71032626,0.27367327,-0.5009985058,-0.5004065943,3.801418502,2.335228945,-0.2714952407,6.162641563,6.301641574,2.541554249
1988,YR1988,Afghanistan,AFG,,,,,,,,,,,,,,,,,
1988,YR1988,Bangladesh,BGD,26579005760,-0.4360443827,10.67962676,3.714197346,2.416256856,0.223515735,0.7835401525,2.35330157,0.161908328,1.531963669,1.531963669,3.879974157,1.65589472,7.492710515,3.12302686,0.662438019,3.08289909
1988,YR1988,Bhutan,BTN,272241005.2,7.7326067,,,4.767373021,1.791989212,,,,,,,,,-0.8015229239,2.727272727,10.10914444
1988,YR1988,India,IND,296588994812,15.63964748,7.473063361,6.130801201,9.627782916,7.259166023,5.480865044,9.302280906,6.940696806,12.30309559,3.462351108,6.241775944,3.946317087,9.194473407,9.514262023,8.496312398,7.362890914
1988,YR1988,Maldives,MDV,168514513.4,,,,,,,,,,,,,,,,
1988,YR1988,Nepal,NPL,3487009748,6.556670132,,,7.696808711,5.427090994,,,,,,,,,9.220985023,5.711385999,6.697269493
1988,YR1988,Pakistan,PAK,38472742808,2.731340389,-4.31256943,9.253035292,7.62527878,3.920326229,4.357621239,7.555431665,3.852883571,-1.172243436,-1.234575947,10.17361111,6.380933346,-3.404947098,9.821312556,9.983084126,6.766828468
1988,YR1988,Sri Lanka,LKA,6978371581,2.146089047,7.146015545,1.246684723,2.472685038,1.050602296,0.3179158979,2.672034438,1.24718519,-6.172254335,-7.708644921,1.333086669,-0.07318109552,-2.001159931,4.251963426,4.202742536,2.198882926
1989,YR1989,Afghanistan,AFG,,,,,,,,,,,,,,,,,
1989,YR1989,Bangladesh,BGD,28781714764,-0.1770272623,8.901183453,0.8895186268,2.836582129,0.674980729,0.6439103569,2.753542006,0.5936860907,4.925615053,4.925615053,0.9029976953,-1.217960203,15.04712721,3.779146169,2.550665342,3.303802579
1989,YR1989,Bhutan,BTN,264725207,5.670350693,,,7.355567318,4.365363757,,,,,,,,,9.794238,50.44247788,9.628465249
1989,YR1989,India,IND,296042354985,1.189154742,11.9791334,5.017708845,5.947343332,3.673862559,5.344083895,5.820720611,3.549956983,8.129178207,8.728692832,4.962380363,2.710035508,2.084370827,8.254601414,8.839417253,8.746023121
1989,YR1989,Maldives,MDV,189514434.2,,,,,,,,,,,,,,,,
1989,YR1989,Nepal,NPL,3525228153,6.165353353,,,4.329647933,2.017282818,,,,,,,,,5.070354934,-7.065215318,4.06920618
1989,YR1989,Pakistan,PAK,40171018229,6.870276396,13.77469376,3.780984359,4.959768894,1.479718397,20.40765775,4.936071604,1.456806814,7.474494221,7.361115443,0.819413804,-2.523358907,8.322199168,4.651019111,3.960252174,3.80974306
1989,YR1989,Sri Lanka,LKA,6987267684,-1.230648228,6.689879164,6.087711344,2.299301412,0.9324643802,8.421084099,1.794252807,0.434163809,-6.92239075,-6.345490444,5.872815885,4.458232565,-2.000503507,3.322024208,3.420674389,3.118967112
1990,YR1990,Afghanistan,AFG,,,,,,,,,,,,,,,,,
1990,YR1990,Bangladesh,BGD,31598341233,9.211673781,17.78642763,7.263906146,5.622258162,3.400369596,0.4164969206,5.421635034,3.203966812,5.515409575,5.515409575,7.638729177,5.37442177,9.312708168,7.297530481,7.85626391,3.151218209
1990,YR1990,Bhutan,BTN,287658184,5.251222774,,,10.38311792,7.569785613,,,,,,,,,-1.266220831,-2.850858824,32.58173559
1990,YR1990,India,IND,320979026420,4.015095805,11.10441821,4.310881437,5.533454561,3.297854066,3.396307002,5.350674166,3.118945656,18.68929083,16.47967562,4.466487792,2.253489716,3.365822756,7.555503578,4.773545514,5.549611765
1990,YR1990,Maldives,MDV,215043969.8,,,,,,,,,,,,,,,,
1990,YR1990,Nepal,NPL,3627562403,5.765419588,,,4.635036347,2.120294862,,,,,,,,,2.793811201,9.803919206,3.500888158
1990,YR1990,Pakistan,PAK,40010423970,3.030677325,1.124973794,3.156060735,4.458586815,1.070266491,-3.168164366,4.213954564,0.8335693698,5.14404803,5.137125923,4.501406691,1.11169742,-3.499597528,6.429863505,5.724040525,4.478169307
1990,YR1990,Sri Lanka,LKA,8032551173,8.722956597,6.699981956,-5.586982631,6.399995311,5.05498097,-2.610508547,6.474671441,5.128713111,-2.792255065,6.599979104,-5.867703379,-7.057640357,7.900034124,7.734304622,7.513330938,4.892177275
1991,YR1991,Afghanistan,AFG,,,,,,,,,,,,,,,,,
1991,YR1991,Bangladesh,BGD,30957483950,2.129153236,-3.091548166,-0.2005469759,3.485227816,1.500470719,2.078142462,3.507600067,1.52241389,2.459202591,2.459202591,-0.3169117814,-2.228747132,-15.01744409,4.710898396,6.270291223,3.388203794
1991,YR1991,Bhutan,BTN,240319995.6,-0.8076800031,15.05155175,9.081120371,-0.4078756872,-2.033740668,-19.59185453,-2.980990485,-4.564848758,-11.8778101,,17.73888287,15.81676776,22.88267375,-2.591491839,-3.440289563,1.73912339
1991,YR1991,India,IND,270105341879,-1.952488236,9.662286331,1.822187152,1.056831433,-1.045105469,-0.1675770189,0.8649368574,-1.233008724,-16.51588712,-7.70363239,2.157258997,0.03243369344,0.01520048143,0.586682301,-2.3984638,5.427778725
1991,YR1991,Maldives,MDV,244396761.9,,,,,,,,,,,,,,,,
1991,YR1991,Nepal,NPL,3921476085,2.153092808,,,6.368150405,3.650932409,,,,,,,,,12.5336928,17.66917336,9.536084604
1991,YR1991,Pakistan,PAK,45625234698,4.962108318,33.46522988,-1.189417564,5.061567755,1.721644174,-0.5007914309,4.954290567,1.617777344,3.013821084,3.199175149,-1.325157046,-4.462045652,-7.39692813,5.134543498,3.745760721,5.210271965
1991,YR1991,Sri Lanka,LKA,9000362582,1.626872591,6.700007866,6.832080986,4.599987244,3.347565781,6.049426039,4.49472638,3.243565251,8.624502752,6.600007759,6.908449826,5.62838813,7.899990416,3.791802713,6.799999977,6.156584516
1992,YR1992,Afghanistan,AFG,,,,,,,,,,,,,,,,,
1992,YR1992,Bangladesh,BGD,31708874594,2.323351117,21.8455919,4.291278115,5.44268555,3.519728548,10.89994102,5.718143684,3.790163156,4.007492561,4.007492561,3.94568796,2.050031685,-8.790663437,6.989203265,7.36565244,4.201321427
1992,YR1992,Bhutan,BTN,240215763.9,0.5844861547,0.360236776,13.63604797,4.600891432,8.771178133,6.48446,1.61923736,5.670649813,33.59644647,,15.11078822,19.70008935,38.04830049,15.03271854,4.292797133,-0.2181558384
1992,YR1992,India,IND,288208430384,6.651006784,4.893244254,2.702118396,5.482396022,3.316865935,3.451483876,5.497739532,3.331894446,12.92446465,10.60000476,2.578798717,0.4728788359,21.12807932,3.078917781,3.090183464,5.87550266
1992,YR1992,Maldives,MDV,284874919.6,,,,,,,,,,,,,,,,
1992,YR1992,Nepal,NPL,3401211581,-1.064429704,,,4.106406605,1.233194852,,,,,,,,,16.82634708,32.00212981,6.572956757
1992,YR1992,Pakistan,PAK,48884606848,9.501318285,13.82098063,9.551482413,7.705897823,4.91447308,-7.868407421,7.64172555,4.851963966,10.38626099,10.03684422,13.01391457,10.08492142,30.84312491,7.164002896,7.219743737,6.758782807
1992,YR1992,Sri Lanka,LKA,9703011636,-2.146744636,6.700001238,4.993649107,4.399991252,3.216334432,5.110011676,4.991095209,3.800736624,1.908795353,6.600042634,4.982386069,3.792126226,7.899992282,6.550090802,8.800000022,5.836029628
1993,YR1993,Afghanistan,AFG,,,,,,,,,,,,,,,,,
1993,YR1993,Bangladesh,BGD,33166519418,2.389076739,16.39291604,3.843423046,4.711561725,2.729706135,11.70120508,4.979278814,2.992356195,11.1640026,11.1640026,3.405020991,1.447894047,37.41890616,8.094186606,8.740645816,3.876905452
1993,YR1993,Bhutan,BTN,225998091.2,-0.1654546884,-43.16998297,-23.67554232,1.98636659,6.902424404,-34.23342119,3.739115357,8.739661074,18.39805225,,-21.66154018,-17.8853845,-54.58204756,1.322179303,1.930884276,5.847384437
1993,YR1993,India,IND,279296022988,3.322706831,13.77959376,4.573080732,4.75077622,2.627465863,5.935745116,4.842291692,2.717126306,2.303241611,-0.8261612079,4.346925457,2.231801201,19.2672648,5.2040406,8.591341073,7.749140672
1993,YR1993,Maldives,MDV,322417837.2,,,,,,,,,,,,,,,,
1993,YR1993,Nepal,NPL,3660041667,-0.6198788302,,,3.849850027,1.089815961,,,,,,,,,4.758243702,6.212182403,6.497128804
1993,YR1993,Pakistan,PAK,51809949334,-5.286027514,1.317358073,4.324963181,1.757747698,-0.8127571642,17.75787575,1.43393905,-1.128386074,3.945843691,4.327709692,2.148342674,-0.4320290169,14.84435797,4.897680657,4.440278216,4.633956053
1993,YR1993,Sri Lanka,LKA,10338679636,4.732287013,13.1999944,7.148608352,6.900063251,5.778869061,3.014859541,7.136467297,6.012793643,10.59557495,12.99996919,7.549211046,6.421208433,14.49999618,9.358217215,10.49999998,6.478459373
1994,YR1994,Afghanistan,AFG,,,,,,,,,,,,,,,,,
1994,YR1994,Bangladesh,BGD,33768660883,0.7370083919,3.678369103,3.643506371,3.890126441,1.9167073,3.331288674,4.357413599,2.375118221,9.237543483,9.237543483,3.662323198,1.693231236,-6.11108228,8.129669186,8.178475895,4.050693692
1994,YR1994,Bhutan,BTN,258985597.7,0.2830107687,10.78968289,-7.949549927,4.95150367,4.866537368,7.170131523,7.880085485,7.792748271,23.9133495,,-10.37089182,-10.44345347,5.903370644,7.036072018,20.66493882,2.42366875
1994,YR1994,India,IND,327275583540,4.715980136,13.04366509,4.358824109,6.658924067,4.525133811,1.383661495,6.792123732,4.655668718,19.47690044,5.758996763,4.860116826,2.762313032,22.60159333,9.146753856,10.82118324,5.052227764
1994,YR1994,Maldives,MDV,356013395.7,,,,,,,,,,,,,,,,
1994,YR1994,Nepal,NPL,4066775510,7.603240588,,,8.216002705,5.597378886,,,,,,,,,9.027154894,12.3243448,7.310967231
1994,YR1994,Pakistan,PAK,52293456906,5.227492753,3.110662864,1.314106677,3.737415553,0.7688294688,-10.21311888,3.539918427,0.5769839894,-0.7651189603,-0.9555165511,3.467364129,0.5065059303,-10.78933994,3.883654939,4.546823224,4.202136694
1994,YR1994,Sri Lanka,LKA,11717604209,3.108845446,13.1000186,7.104181255,5.599918725,4.609853503,12.18859581,4.988330667,4.003999466,9.314576695,9.000023073,6.632223225,5.632479504,14.20000896,7.835357117,9.09999999,5.354000555
1995,YR1995,Afghanistan,AFG,,,,,,,,,,,,,,,,,
1995,YR1995,Bangladesh,BGD,37939748769,-0.3724990071,30.72410679,3.664314882,5.121277897,3.177185503,2.300658697,4.995857986,3.054085083,9.608162657,9.608162657,3.746237648,1.82757498,48.39639524,10.13436683,10.78346004,4.593649389
1995,YR1995,Bhutan,BTN,290464801.1,1.512545962,47.97289217,12.07891158,7.074117278,5.800275948,40.38004751,1.428722085,0.2220429959,-5.419390329,,6.659626089,5.390715885,25.08882453,15.96105745,22.98343329,5.163557798
1995,YR1995,India,IND,360281952717,-0.6953770682,31.3960731,6.328311988,7.57449184,5.452945864,7.804147192,7.767614414,5.642259742,7.780467348,12.12012247,6.087888891,3.99566117,28.12587832,10.8934388,15.46146293,9.168081955
1995,YR1995,Maldives,MDV,398988955,,,,,,,,,,,,,,,,
1995,YR1995,Nepal,NPL,4401104418,-0.3331446208,,,3.468451889,1.098920323,,,,,,,,,3.964098717,1.961115918,5.106471871
1995,YR1995,Pakistan,PAK,60636022423,6.567737284,-3.075315015,6.837802837,4.962609148,1.90928657,5.465875434,5.074791377,2.01820546,3.825325498,4.308799013,7.060191061,3.945850619,3.969776917,4.142869,2.535669976,4.797948676
1995,YR1995,Sri Lanka,LKA,13029697561,3.306107988,2.900005367,3.028252044,5.500085234,4.641628818,-18.47312309,4.866295239,4.012995985,-0.8193290074,0.9513665947,5.128105146,4.272675539,1.000002346,6.929628242,9.17675029,5.597473403
1996,YR1996,Afghanistan,AFG,,,,,,,,,,,,,,,,,
1996,YR1996,Bangladesh,BGD,46438484108,2.967581283,8.075394542,-0.1366823837,4.522919217,2.706249817,-0.8173039141,4.013489376,2.205674164,11.95167581,11.95167581,-0.09636321783,-1.832746791,14.10956062,6.736726691,6.175436133,3.80684046
1996,YR1996,Bhutan,BTN,303435517.9,2.048193026,7.182305558,19.24605177,5.565172862,3.609396628,31.58488438,7.078802785,5.094983955,-3.630765939,,16.13635842,13.98473281,22.20259691,3.583545192,11.53697339,13.27301467
1996,YR1996,India,IND,392897054348,9.92029924,6.289730438,7.328628932,7.549522249,5.471108102,4.640292484,7.694317641,5.613105297,0.9090816196,4.703055278,7.773661304,5.690915629,-2.439987721,6.010099069,9.501276781,6.75589288
1996,YR1996,Maldives,MDV,450382328,1.932589385,,,7.858646927,5.555867002,,,,,,,,,-0.710945601,-0.3861693118,8.732010764
1996,YR1996,Nepal,NPL,4521580381,4.418892349,,,5.328284176,3.116692311,,,,,,,,,8.302158358,9.036643645,5.569184802
1996,YR1996,Pakistan,PAK,63320122807,11.7231543,1.994558493,7.078844619,4.846581284,1.700962517,6.805225665,4.655964421,1.516064562,5.642178072,5.230617659,7.122537513,3.908635254,13.59345562,4.723542371,3.732673605,4.991768267
1996,YR1996,Sri Lanka,LKA,13897738375,-4.77485425,3.90000163,2.730860675,3.799967206,3.097091968,51.9264499,3.681821532,2.979746311,3.898088238,2.4579798,-0.9950360541,-1.665442215,2.799998427,5.234070698,6.522679676,5.790578504
1997,YR1997,Afghanistan,AFG,,,,,,,,,,,,,,,,,
1997,YR1997,Bangladesh,BGD,48244309133,4.518572147,14.31777893,1.260806214,4.489896498,2.638487151,4.842201858,4.657611194,2.803230187,6.459445403,6.459445403,1.05017985,-0.7402827086,3.041216158,5.225481969,4.7179094,4.08626922
1997,YR1997,Bhutan,BTN,352260952.9,4.019576522,19.92208119,8.80900145,5.373838519,3.568167575,24.86069438,8.209188105,6.354931018,1.904061232,,4.225449754,2.439457434,19.69217548,-0.8422658075,7.14756539,11.39274531
1997,YR1997,India,IND,415867753864,-2.553727839,-2.328176241,4.133828108,4.049820849,2.071873277,11.25246601,4.141088469,2.161405933,14.88020104,9.098423996,2.98965643,1.031862181,13.20068411,4.397631716,0.05118690834,8.996028185
1997,YR1997,Maldives,MDV,508223602.4,1.277520447,,,8.39794083,6.303230399,,,,,,,,,23.19074639,16.0166749,8.226506373
1997,YR1997,Nepal,NPL,4918691917,4.129453533,,,5.048612536,2.945563389,,,,,,,,,6.363757132,7.055961323,4.933617215
1997,YR1997,Pakistan,PAK,62433300338,0.1236293246,-6.535973066,2.472609812,1.014396014,-1.912790951,-8.355109521,0.5687472841,-2.345525708,-3.613666799,-3.818485787,4.196514522,1.177116386,-3.785256711,-0.3251425128,-0.07394602277,3.610901353
1997,YR1997,Sri Lanka,LKA,15091913884,2.725812809,11.69024409,7.097234044,6.405399696,5.808550271,7.710039924,6.657566039,6.059302162,2.198645045,5.117469315,7.026013712,6.425683138,10.46854994,7.39699625,9.053085439,6.792389318
1998,YR1998,Afghanistan,AFG,,,,,,,,,,,,,,,,,
1998,YR1998,Bangladesh,BGD,49984559471,3.93540914,12.26754876,1.767517476,5.177026873,3.222149859,3.050548435,5.176932649,3.222057386,9.113163585,9.113163585,1.689229223,-0.200821701,4.470970651,8.726901366,8.869635258,4.539845517
1998,YR1998,Bhutan,BTN,363452787.2,2.4386841,7.901741737,18.99486024,5.914030835,3.960161884,4.325437693,-1.377705635,-3.197058909,-0.5845121074,,24.01304073,21.7252869,25.42428198,4.691576272,0.003126475514,11.18541876
1998,YR1998,India,IND,421351477505,6.320454459,13.88432184,7.343176773,6.184415821,4.19892116,12.19265746,6.192982051,4.207327213,3.779183875,10.61889693,6.501189433,4.509771564,20.84559133,4.094095928,3.131843593,8.214490706
1998,YR1998,Maldives,MDV,540096397.6,7.261978323,,,7.494683025,5.627436197,,,,,,,,,20.86492106,11.99527731,6.775311169
1998,YR1998,Nepal,NPL,4856255044,1.0390728,,,3.016389481,1.043659223,,,,,,,,,2.310766761,3.423295398,5.820149927
1998,YR1998,Pakistan,PAK,62191955814,4.517635688,-5.729972089,2.207086451,2.550234295,-0.3722852337,6.819043567,2.109860132,-0.80010943,3.047091419,-3.69196845,1.561258862,-1.33307643,-5.621130038,6.115267692,6.928969737,1.644889404
1998,YR1998,Sri Lanka,LKA,15794972847,2.358912461,0.9666686337,7.103774018,4.698423048,4.169996069,3.518091673,4.231675628,3.705604386,15.16275286,15.26488064,7.523165607,6.980481774,11.48993586,5.693921278,6.323162142,4.920750805
1999,YR1999,Afghanistan,AFG,,,,,,,,,,,,,,,,,
1999,YR1999,Bangladesh,BGD,51270569884,3.881541663,2.250689225,3.920701051,4.670156369,2.684717105,2.786385913,4.866529588,2.877365412,8.586601591,8.586601591,3.990841499,2.018287841,2.305577787,5.241305042,3.48370348,4.448852114
1999,YR1999,Bhutan,BTN,399268801.7,1.572001162,9.053825683,5.860112543,7.983972022,5.36526756,42.51265219,4.849346076,2.306658997,25.93519118,,-4.687646259,-6.999053047,19.02680198,15.07647558,4.853555144,6.726929412
1999,YR1999,India,IND,458820417338,2.669127344,17.99946948,6.960239338,8.845755561,6.851333408,11.77638224,8.964441527,6.967844646,17.63488343,16.74119551,6.079353417,4.135621101,6.992507063,5.870490394,5.393774515,12.49494835
1999,YR1999,Maldives,MDV,589239753.6,3.492239187,,,6.175655828,4.528299359,,,,,,,,,12.85806139,11.01360771,5.766499632
1999,YR1999,Nepal,NPL,5033642384,2.720053568,,,4.412573275,2.510432735,,,,,,,,,5.988279963,5.28773519,5.271016834
1999,YR1999,Pakistan,PAK,62973855719,1.948660658,-2.850317061,5.586400738,3.660132743,0.7390137049,-6.924704338,4.76667086,1.814369828,-9.190904284,-4.498715985,7.429070933,4.40174407,-5.401425838,4.921088607,4.068503679,4.991354585
1999,YR1999,Sri Lanka,LKA,15656327860,4.527645472,3.994704893,5.49038885,4.300540498,3.748962878,-2.507168795,4.069570502,3.519214331,6.340228605,6.410738214,6.390963042,5.828330538,7.006983901,4.788005205,4.434515137,4.039923506
2000,YR2000,Afghanistan,AFG,,,,,,,,,,,,,,,,,
2000,YR2000,Bangladesh,BGD,53369787319,7.390266092,14.39815673,4.900871474,5.293294719,3.305900935,3.685698817,5.489339086,3.498244996,7.117690366,7.117690366,4.975141457,2.993752763,10.23392459,6.255771369,4.699566958,5.284413653
2000,YR2000,Bhutan,BTN,424464089.9,5.383797678,3.27067258,-3.692371077,3.355068285,0.5006930093,0,24.71421366,21.26995907,26.45495884,,-5.281158108,-7.897025185,4.170498666,7.256609992,2.699507233,12.07831856
2000,YR2000,India,IND,468394937262,-0.007618145789,18.15351103,3.106123873,3.840991157,1.965952437,1.375863649,3.536828944,1.667282429,-5.525716484,-1.793981845,3.439589377,1.5717987,4.589716461,5.797347934,7.299097849,5.105632874
2000,YR2000,Maldives,MDV,624337145.3,-0.8309014666,,,3.845810392,2.229899344,,,,,,,,,-3.757928742,4.515161028,5.095275183
2000,YR2000,Nepal,NPL,5494252208,4.970231946,,,6.199999985,4.399652804,,,,,,,,,8.207107138,7.200626065,6.20782968
2000,YR2000,Pakistan,PAK,82017743416,6.093712202,16.01600127,1.211705848,4.260088012,1.102322127,7.52074691,4.792214443,1.618331838,5.121709754,5.042171087,0.4066465008,-2.6344087,-2.250046796,1.27168567,1.534181917,4.152166595
2000,YR2000,Sri Lanka,LKA,16330814180,1.488670855,17.98825545,4.73790983,6.000033158,5.35473355,19.21367681,5.918264583,5.27346276,9.908015482,9.954781025,3.24418141,2.615658684,14.88816883,7.227474644,9.243358904,6.660556456
2001,YR2001,Afghanistan,AFG,,,,,,,,,,,,,,,,,
2001,YR2001,Bangladesh,BGD,53991289844,2.757926823,14.90388964,4.221823786,5.077287775,3.100436692,5.699075363,4.862759653,2.889944552,7.934721806,7.934721806,4.132644873,2.173565645,12.84862892,7.461679688,6.532232871,5.371549262
2001,YR2001,Bhutan,BTN,461444513.7,5.489420765,-1.443754199,-2.227667749,8.348954483,5.470289332,8.093130402,8.41967994,5.539135723,29.79131799,23.2330144,-6.916203705,-9.38929707,8.915167817,12.76485288,12.46513199,5.924483393
2001,YR2001,India,IND,485441014539,6.00708957,4.309524517,5.381020071,4.823966264,2.945319359,2.353300788,5.054103453,3.171332048,4.566380194,22.19022554,5.952897394,4.054017874,2.944248576,2.571059671,2.270325195,6.248160784
2001,YR2001,Maldives,MDV,870030468.6,9.837114754,,,-3.943634354,-5.554023717,,,,,,,,,11.40857055,17.03911271,-7.354839624
2001,YR2001,Nepal,NPL,6007055042,4.299999995,,,4.799892146,3.134541938,,,,,,,,,3.599999915,3.600000069,5.716403348
2001,YR2001,Pakistan,PAK,79484403985,-0.7211248393,12.1779844,2.52153971,3.554418216,0.4014312416,-6.714831447,3.290491537,0.1455405053,2.528610426,2.429048391,3.473137685,0.3226255108,2.15620551,5.808819945,10.49377858,5.089793875
2001,YR2001,Sri Lanka,LKA,15749753805,-3.52379378,-5.27331596,0.3199963807,-1.545408134,-2.24364306,-4.082560768,-1.470960609,-2.169723514,-17.46948891,-17.47088221,0.8445568475,0.1293724114,-9.527915318,-2.251447727,-4.161842194,-0.6569773147
2002,YR2002,Afghanistan,AFG,3854235264,,,,,,,,,,,,,,,,
2002,YR2002,Bangladesh,BGD,54724081491,-0.1189011391,-0.164097459,1.531530398,3.83312394,1.92168942,9.272611588,4.773134138,2.844395237,7.420112772,7.420112772,1.057186162,-0.8031469069,-4.84742393,5.803009825,5.138653128,4.837153078
2002,YR2002,Bhutan,BTN,520849551.5,2.836496544,2.917203743,16.09137288,10.99228184,8.156908908,8.656768621,9.320773586,6.52810046,13.76641555,16.91366368,20.01335812,16.94753569,17.07871835,16.7617859,1.900488909,7.23283141
2002,YR2002,India,IND,514937948870,-6.604234507,21.08500281,2.398955327,3.803975321,1.975907984,-0.1852487606,3.985685448,2.154418057,7.560400388,-0.7173543334,2.870478557,1.058850811,11.99681938,7.275053289,6.866763609,6.348460921
2002,YR2002,Maldives,MDV,897031250,18.09259093,,,7.268386313,5.448063627,,,,,,,,,5.321038477,3.786216071,6.127475362
2002,YR2002,Nepal,NPL,6050875807,3.082409635,-23.18875397,3.941287148,0.1201431792,-1.366341192,7.827194258,-0.3920259411,-1.870906134,-14.03055274,0.1316530467,3.548727111,2.011338533,-15.0571892,0.8645885775,-5.324273007,-1.776643171
2002,YR2002,Pakistan,PAK,79904985385,0.7565508736,9.954176571,3.018049406,2.508337724,-0.03145951692,16.11703009,2.294197462,-0.2402941341,-4.02405346,-4.665206634,1.801374317,-0.7209068494,3.046429008,1.344908382,4.07065672,3.514610768
2002,YR2002,Sri Lanka,LKA,16536535647,2.384045237,6.263341166,6.26541703,3.964675685,3.142506997,-9.982925367,4.236467246,3.412149188,12.14618842,4.420559154,8.106802598,7.251877331,11.21738525,0.8351292135,2.067874475,5.965736819
2003,YR2003,Afghanistan,AFG,4539500884,2.798310323,,,8.832277813,0.9270291285,,,,,,,,,10.26969287,3.697849883,11.55182287
2003,YR2003,Bangladesh,BGD,60158929188,3.983851121,-1.696385574,4.330856638,4.7395674,2.926134543,8.543981385,4.7531041,2.939436873,7.657353999,7.657353999,4.051704832,2.250181444,8.549548348,6.581699729,6.670853809,4.978851151
2003,YR2003,Bhutan,BTN,604041957.9,2.120826286,16.26215424,13.83586579,7.823302361,5.176425964,7.567535922,7.001869821,4.375158177,0.9953740414,0.5178579423,16.82969388,13.96172608,12.01856794,9.63713524,6.039304169,9.374427816
2003,YR2003,India,IND,607699285434,9.048581158,9.58221992,5.451597847,7.860381476,6.016520564,2.775858533,7.777689242,5.935241945,15.70447722,5.116004165,5.92532039,4.114539127,13.88391695,7.076718518,6.336610321,7.351189066
2003,YR2003,Maldives,MDV,1052121055,1.358558557,,,13.75004982,11.85871883,,,,,,,,,15.8872174,16.73852364,16.40079141
2003,YR2003,Nepal,NPL,6330473097,3.32809713,-4.745948087,3.861666233,3.945037761,2.525547293,10.53743001,3.941463047,2.522021396,6.473445891,3.780255002,3.159405871,1.750644121,0.05922193658,3.09311696,0.04399961411,3.678763988
2003,YR2003,Pakistan,PAK,91760542940,4.414484523,28.37924536,3.65362458,5.777033992,3.486331857,4.569706652,6.375902529,4.072231327,6.497325705,6.573356122,3.556570505,1.313954616,11.21954235,6.980210291,7.285409546,5.737515947
2003,YR2003,Sri Lanka,LKA,18881765437,1.676219404,3.356296889,7.996557367,5.940269078,5.049940436,4.771127175,6.530390445,5.635102386,11.99322993,13.81704352,8.300922709,7.390754986,11.24696758,4.666022201,3.915466411,7.613768032
2004,YR2004,Afghanistan,AFG,5220823685,-22.23635607,,,1.414117981,-2.497254639,,,,,,,,,17.47607589,4.160772742,12.7878433
2004,YR2004,Bangladesh,BGD,65108544250,4.973513596,85.61331209,6.214530175,5.23953291,3.50574324,9.760216141,5.627141938,3.886966525,8.208579837,8.208579837,5.969458599,4.223643622,84.74948725,7.049271768,6.98222536,5.21309951
2004,YR2004,Bhutan,BTN,682523857,2.150117105,27.71864166,8.307776675,6.008742236,3.502987055,7.265081815,5.94754537,3.443236715,17.01969396,13.59743643,8.766298893,6.195362655,28.52233808,2.038478371,4.459946629,10.79916392
2004,YR2004,India,IND,709148514805,0.1835327654,27.17641182,4.995893002,7.922936613,6.132606168,3.975791656,7.943269264,6.152601521,29.77298665,11.45397183,5.1711256,3.426444868,22.19523474,9.7462772,7.383253312,8.259221521
2004,YR2004,Maldives,MDV,1226829563,0.3090281179,,,6.033754049,4.310949016,,,,,,,,,23.95539524,0.5637897648,4.625944541
2004,YR2004,Nepal,NPL,7273938315,4.809937208,12.27609116,1.759459188,4.682603249,3.390143328,8.78043163,4.50301173,3.212769129,17.44224675,3.268990597,0.9680610851,-0.2785373774,8.489191559,1.432829555,2.152281439,6.81946908
2004,YR2004,Pakistan,PAK,107759683863,2.848242939,-1.526816902,5.842043055,7.546860015,5.169692809,0.3064217412,7.989505323,5.602554085,7.382833964,7.365639261,6.434250681,4.081676089,-8.577604966,17.37415712,16.37944063,6.445450099
2004,YR2004,Sri Lanka,LKA,20662525941,0.002147112481,7.743501488,3.757437055,5.445061279,4.557881915,9.254952705,5.387774433,4.501077061,8.754378527,17.84409096,3.255576019,2.38681825,9.010948489,5.411337139,5.173390534,6.733468237
2005,YR2005,Afghanistan,AFG,6226199249,17.69810321,,,11.22971482,7.321873841,,,,,,,,,12.99172357,3.279537341,5.388267444
2005,YR2005,Bangladesh,BGD,69442943089,4.382454979,43.00126706,6.935901578,6.535944941,4.930968205,9.786877814,6.6470944,5.040443185,9.763639896,9.763639896,6.731798053,5.123870766,38.06278676,7.932370959,7.856794835,6.195592441
2005,YR2005,Bhutan,BTN,796938120.2,1.031078367,34.34982564,16.43263198,7.287249352,5.130903788,2.764583229,8.269291135,6.093207704,-13.5233775,-13.48564052,22.360161,19.90086792,12.98582669,3.777132106,7.754226599,14.80226624
2005,YR2005,India,IND,820381595513,4.809364049,26.08507443,7.654071002,7.923430621,6.206011032,8.822173601,7.898967908,6.181937601,16.24811468,16.4412319,7.455695388,5.745719017,32.2696449,9.573287129,9.349088691,9.117631788
2005,YR2005,Maldives,MDV,1163362438,11.41939756,,,-13.12905343,-14.51070152,,,,,,,,,14.2665055,4.445666851,-17.66087345
2005,YR2005,Nepal,NPL,8130258041,3.497876068,-3.034455091,4.319333125,3.479181044,2.372369836,1.241459488,4.078124511,2.964907016,9.463639127,0.5255692658,4.693112446,3.573317052,6.890329929,3.012063734,2.618195501,3.327940236
2005,YR2005,Pakistan,PAK,120055291993,7.021397528,11.72716027,10.10276577,6.518778074,4.244215049,3.425185164,6.602257074,4.325911469,13.2128019,13.91512746,10.77601226,8.410541809,39.52680709,6.50933036,16.02546766,8.138695129
2005,YR2005,Sri Lanka,LKA,24405791045,1.81656674,6.646166133,2.563374028,6.241748044,5.3837958,12.00806078,6.027781325,5.171556964,8.718460446,9.811796216,1.651085565,0.8302050871,2.688156992,7.986321253,6.18140223,6.39766003
2006,YR2006,Afghanistan,AFG,6971379033,-5.109251174,,,5.357403251,1.084988201,,,,,,,,,13.66754349,3.194608045,6.731003543
2006,YR2006,Bangladesh,BGD,71819083684,5.552717783,25.47630979,7.123024343,6.671904981,5.388330716,8.146594191,7.996937616,6.697419342,9.887953376,9.887953376,7.047648704,5.759553146,18.19044873,9.797899957,10.81066262,6.602113389
2006,YR2006,Bhutan,BTN,874989895.6,2.701819806,51.66732208,-22.63927977,6.999738095,5.420472436,13.92822577,8.165167194,6.568700351,-2.155580704,-1.20731177,-35.95810535,-36.90333351,-2.115229664,8.841195703,11.48491497,8.156646566
2006,YR2006,India,IND,940259888792,2.938795485,20.3938055,4.806288599,8.060732573,6.426044715,4.053400166,7.996794231,6.363073599,13.37517259,13.87411124,4.935775512,3.348360416,21.50464422,13.24083359,17.78779232,7.038321569
2006,YR2006,Maldives,MDV,1575200391,2.008948403,,,26.1114935,23.15004886,,,,,,,,,12.49669901,14.39374667,30.65465605
2006,YR2006,Nepal,NPL,9043715356,1.781870969,-1.293720936,4.914104384,3.364614787,2.453080468,0.7557533846,3.837956328,2.922247785,4.435581138,11.09409693,5.402448474,4.472943253,6.457290644,4.470441032,1.998112062,5.628250641
2006,YR2006,Pakistan,PAK,137264061106,1.27455572,9.890711987,6.363004249,5.898984442,3.699835752,46.48188325,5.992101714,3.791019307,14.31521196,15.14088563,2.586549166,0.4561880831,18.68259828,3.628704159,9.393261983,8.201932448
2006,YR2006,Sri Lanka,LKA,28279814925,6.324555208,3.84046135,6.841630835,7.668291901,6.842908742,9.582746112,7.527319363,6.703016897,13.97651685,12.87081429,6.549881966,5.733072516,6.937158661,8.116949126,5.548525739,7.737647976
2007,YR2007,Afghanistan,AFG,9715761650,14.70044629,,,13.82631955,11.80338266,,,,,,,,,7.633126175,4.537191732,19.68114686
2007,YR2007,Bangladesh,BGD,79611888213,6.692496277,12.97560308,7.130861281,7.058599357,5.939181515,3.057603989,7.828359319,6.700892772,7.146867476,7.146867476,7.433895085,6.310553104,15.98603514,9.027828232,10.5351157,6.485114126
2007,YR2007,Bhutan,BTN,1168308517,0.7128721272,15.76654844,47.16809861,18.36085406,16.91019932,4.575623496,17.2445441,15.80757109,-23.98112349,-15.67187094,74.76565543,72.62369197,10.96453689,40.72891181,25.03729385,6.064800899
2007,YR2007,India,IND,1216735441525,5.506476634,5.86653905,7.59380113,7.660815065,6.093625779,9.424664669,8.03765185,6.464977054,18.14952482,16.32889863,7.281564445,5.719895808,9.951587207,8.023870489,6.980588732,7.77804509
2007,YR2007,Maldives,MDV,1868383461,-18.41490169,,,7.713867271,4.160687191,,,,,,,,,14.14582953,-14.77289898,10.58981289
2007,YR2007,Nepal,NPL,10325618017,0.973144277,-0.9448657947,3.568868023,3.411560275,2.657916634,7.16489183,3.66726629,2.911759113,5.026684155,5.286994188,3.165179423,2.413331359,2.945703221,3.945004714,2.552830465,4.511362796
2007,YR2007,Pakistan,PAK,152385716312,3.423501671,1.509727717,3.678639403,4.832817277,2.6116655,-1.080165745,4.402775991,2.19073574,2.597594541,2.395916315,4.318266643,2.10801694,-4.070268907,7.729942077,9.032753446,5.584405614
2007,YR2007,Sri Lanka,LKA,32350248411,3.392223121,7.327287597,4.280462896,6.796826119,6.010642397,7.406672657,7.096175695,6.307788315,6.825084187,9.143427572,3.938255652,3.173115267,3.733227846,7.606497058,6.447327564,7.116615544
2008,YR2008,Afghanistan,AFG,10249767311,-14.91632976,,,3.924983822,1.864754466,,,,,,,,,5.741817911,2.34623542,14.85444913
2008,YR2008,Bangladesh,BGD,91631278239,4.493867872,7.080609288,3.927412893,6.013789759,5.076730248,3.186548241,7.152478293,6.205353875,9.815105925,9.815105925,3.980285026,3.061199733,-1.901232519,7.033534041,7.331292477,5.762382723
2008,YR2008,Bhutan,BTN,1227808791,0.5458850799,-9.842167394,-5.796308249,4.799460612,3.565242325,1.273953636,3.276527108,2.060244337,53.98100276,36.10912736,-8.53755185,-9.614700773,2.751104337,6.216629087,8.507653455,4.674285454
2008,YR2008,India,IND,1198895582138,-0.2441942603,14.77813513,5.476343236,3.08669806,1.630780589,11.3640171,2.90482931,1.451480415,-5.224140142,3.199340071,4.452197357,2.976994622,22.44862579,3.99922669,4.663615482,6.51991412
2008,YR2008,Maldives,MDV,2271646188,-5.718453726,,,9.485332661,5.664364977,,,,,,,,,10.11361282,4.411810384,10.94182854
2008,YR2008,Nepal,NPL,12545438605,5.824260248,0.7270102223,1.480841857,6.104639147,5.441961372,3.270963463,6.041851015,5.379565384,29.61508556,1.853375718,1.272092133,0.6395960879,8.191871222,1.743248214,-0.8673635225,7.349897197
2008,YR2008,Pakistan,PAK,170077814106,1.807338826,-4.552083003,3.052392704,1.701405466,-0.4905882136,-0.9259619491,1.805071771,-0.3891562514,4.340614749,4.58447453,3.559448255,1.327407755,5.861903896,8.472590369,6.102099691,4.938477917
2008,YR2008,Sri Lanka,LKA,40713812310,7.53262872,0.3902002885,7.741428036,5.950088145,5.197557743,9.777014873,4.736015343,3.992108121,2.986514534,5.296925187,7.511169062,6.747550789,4.011839933,5.918145341,4.933123303,5.649349235
2009,YR2009,Afghanistan,AFG,12154835708,44.56295492,,,21.39052839,17.14353433,,,,,,,,,6.107141207,5.296290218,17.98338209
2009,YR2009,Bangladesh,BGD,102477791472,3.466088471,0.02850447973,2.543791183,5.045124794,4.124685807,6.102818632,5.254780356,4.3325043,7.388144649,7.388144649,2.291738472,1.395425537,-2.599654974,6.913173255,6.693401416,5.079970246
2009,YR2009,Bhutan,BTN,1234014292,2.717666307,-2.386908816,13.87922526,6.748333748,5.533319776,20.85134435,5.294383791,4.095918737,16.66015484,20.79047672,10.88605219,9.623942536,14.34560691,3.45398961,6.880279614,13.26635431
2009,YR2009,India,IND,1341886602799,-0.8802330048,-4.834225354,6.438437424,7.861888833,6.371709389,14.19038552,7.855167804,6.365081215,17.25295272,7.676879747,5.000777253,3.550125854,-1.925816179,8.844575103,10.96762978,8.676469828
2009,YR2009,Maldives,MDV,2345294875,-2.357557488,,,-7.228841465,-10.45927452,,,,,,,,,-25.22303562,-20.98744646,-3.658488702
2009,YR2009,Nepal,NPL,12854985464,3.019549099,3.87243738,6.0994944,4.533078721,3.970721477,9.706365338,4.74834736,4.184832035,8.586057492,0.4930133643,5.670588161,5.102111451,12.6325732,-0.5900006013,-1.044379879,6.001979743
2009,YR2009,Pakistan,PAK,168152775283,3.497600719,-3.361178734,0.9478687087,2.831658519,0.5647342983,12.65765846,2.492313391,0.2328700347,-4.316438025,-4.958588847,-0.4799441196,-2.67386405,-15.9057208,-5.206872816,-4.175977541,1.331493029
2009,YR2009,Sri Lanka,LKA,42066217872,3.217942122,-12.30572406,2.497538598,3.538912053,2.82103706,15.9999768,4.642148118,3.916623966,2.957759571,1.344039321,0.937997022,0.2381551706,-9.585903829,4.212006397,3.300369126,3.282241492
2010,YR2010,Afghanistan,AFG,15633856787,-6.375134495,,,14.36244147,11.09921992,,,,,,,,,6.270601334,3.840391435,18.35540541
2010,YR2010,Bangladesh,BGD,115279077465,6.151947121,0.9415321783,4.75607673,5.571788188,4.373484667,6.825888998,5.78265546,4.581958467,8.564621889,8.564621889,4.604029906,3.416711026,0.6864549811,7.032201958,6.646765727,5.528829338
2010,YR2010,Bhutan,BTN,1547991318,0.8072746856,7.521286139,6.40867129,11.945896,10.70222196,7.549277883,10.08317982,8.860199812,45.85031634,42.3149129,5.87499505,4.698766288,28.73615298,12.4842065,20.18328957,12.13350637
2010,YR2010,India,IND,1675615335601,8.791758288,19.47813546,6.468899572,8.497584702,7.01317458,5.221886565,7.965252537,6.488125521,14.07918387,11.04614588,6.720408493,5.260312815,15.81189146,7.896980228,7.695106465,7.83566599
2010,YR2010,Maldives,MDV,2588176055,-3.539436803,,,7.265129068,3.545595947,,,,,,,,,7.3111171,6.587218378,7.30317888
2010,YR2010,Nepal,NPL,16002656434,2.011773807,-10.43884295,5.692466928,4.816414651,4.296893276,1.319132578,4.416636911,3.89909703,34.43821323,16.61626727,6.2323779,5.705838319,28.25779735,3.999589942,2.961770468,5.825803629
2010,YR2010,Pakistan,PAK,177165635077,0.2295456997,15.70766001,1.869968278,1.606688629,-0.6564969307,-0.5770492232,2.39703584,0.1162461004,-6.533801284,-7.325051703,2.207729174,-0.06884395249,4.346972008,3.424133772,1.371676022,3.206254211
2010,YR2010,Sri Lanka,LKA,58636150710,6.95127366,8.760094654,8.270042853,8.01596737,7.27905886,1.587777933,,,20.38135587,5.952143727,9.157018443,8.412325433,12.64715371,8.444237793,7.33042252,8.025530837
2011,YR2011,Afghanistan,AFG,18190410821,-7.592323523,,,0.4263547845,-3.211364296,,,,,,,,,9.807670419,3.057431242,9.790685876
2011,YR2011,Bangladesh,BGD,128637938711,4.456368994,29.33912475,6.5087474,6.464379123,5.174520875,6.736268988,6.242403673,4.955234746,9.560947128,9.560947128,6.491678831,5.201489836,29.1529647,9.01913018,10.01338542,6.216625877
2011,YR2011,Bhutan,BTN,1777101317,2.337830884,3.202967253,5.227875417,7.982617041,6.799598004,3.580833131,7.176433438,6.002246662,11.8179499,14.800128,6.010692862,4.849277524,5.959608967,4.058632424,7.298484567,13.25636623
2011,YR2011,India,IND,1823049927772,6.397806254,15.49298145,7.274141791,5.241315001,3.81807313,6.530672699,5.452090572,4.025998256,3.940115751,12.09295018,7.421985869,5.969253469,20.41173188,3.626450393,3.125056239,5.864008317
2011,YR2011,Maldives,MDV,2774351760,0.07254538557,,,8.566733531,4.83660046,,,,,,,,,15.25106189,11.61603528,6.940377086
2011,YR2011,Nepal,NPL,21573862467,4.510575774,-2.114313196,1.892808046,3.421828238,3.024199013,13.10889735,3.158114723,2.761499406,0.2631578815,-0.7238713022,0.5721648576,0.1854918251,-4.684334163,4.332110168,4.050532367,3.424821412
2011,YR2011,Pakistan,PAK,213587413184,1.962011869,2.372197793,4.045644562,2.748405917,0.6022872302,0.02082337336,3.199846099,1.044298125,-6.698826864,-7.7055514,4.586052589,2.401550748,-0.1192914276,4.507432635,2.499910204,3.940335495
2011,YR2011,Sri Lanka,LKA,67753288946,5.319213432,10.2,8.573841304,8.669483012,7.940928261,-2.098649175,,,20.24239407,16.55475446,9.892230244,9.155477808,23.6,11.36805244,3.381795806,10.79002185
2012,YR2012,Afghanistan,AFG,20203572960,18.22478943,,,12.75228709,8.247144252,,,,,,,,,6.394070954,6.035906734,13.65733974
2012,YR2012,Bangladesh,BGD,133355749482,3.014271413,12.53225869,4.042088751,6.521458781,5.20499112,3.082250617,6.980267619,5.658129674,10.56772955,10.56772955,4.114260767,2.827542965,10.51855917,9.435598764,9.955216249,6.576056541
2012,YR2012,Bhutan,BTN,1781281282,2.237712968,-2.400577934,-1.981819608,5.118400858,3.979385564,-0.7551048155,3.379027189,2.258858958,3.513690333,2.841985265,-2.551496766,-3.60740453,-7.124528895,6.767855151,6.792940835,0.6661235711
2012,YR2012,India,IND,1827637859506,1.487460495,6.805488798,4.669838591,5.456388753,4.06082357,0.6080257834,5.137352939,3.746009741,4.294068964,4.93907671,5.470856844,4.075100196,6.021796637,3.269180543,5.453083306,8.333677143
2012,YR2012,Maldives,MDV,2886170572,-0.1862237752,,,2.517383942,-0.9477517274,,,,,,,,,4.084361665,1.294646181,2.593925428
2012,YR2012,Nepal,NPL,21703106502,5.28986596,20.19296149,2.839580963,4.670122149,4.423887439,0.8185752369,4.891219101,4.644464264,4.593671368,1.933842792,3.035227531,2.792838883,3.04198745,5.851914662,10.09808111,4.480978267
2012,YR2012,Pakistan,PAK,224383620830,3.62213215,-15.00084241,5.29643749,3.50703342,1.662633011,7.34561515,3.494089712,1.649919948,2.540947465,2.426336566,5.033306823,3.161709621,-3.09557187,2.547464578,2.08452348,4.397139399
2012,YR2012,Sri Lanka,LKA,70447191496,5.368548013,-0.1814882,2.627278875,8.632181377,8.491217493,6.04650497,,,21.69887183,16.06381721,2.250984879,2.118301398,0.4854368884,7.902300925,2.91120583,10.87624711
2013,YR2013,Afghanistan,AFG,20564485419,0.005267441388,,,5.600744658,2.002522145,,,,,,,,,5.060990709,2.285861967,7.826551959
2013,YR2013,Bangladesh,BGD,149990451022,2.464887536,2.451884337,5.173398377,6.013605658,4.678721918,5.791087499,5.597279761,4.267638241,5.364641791,5.364641791,5.12741356,3.80368842,1.218151546,9.639358906,10.3068902,5.514156264
2013,YR2013,Bhutan,BTN,1756215665,2.258615423,3.871710917,38.7315761,2.119972633,1.035010357,-10.10817828,3.20262915,2.106164311,-36.66477699,-36.34575363,61.83050971,60.11115948,-1.785062914,3.90191516,-5.253549696,1.621037464
2013,YR2013,India,IND,1856722121394,5.570475656,7.792389239,6.23725464,6.386106401,5.014611864,0.5709083526,6.312790489,4.942241117,-3.706654969,1.561803723,7.303177492,5.919860378,-8.145800952,3.785891905,4.96584744,7.659995074
2013,YR2013,Maldives,MDV,3295011382,6.880641485,,,7.281073979,3.750175003,,,,,,,,,-5.978972038,7.369207382,8.782712838
2013,YR2013,Nepal,NPL,22162208956,1.306559854,12.94778265,2.109853153,3.525153174,3.332856103,-3.57373588,3.486109528,3.293884981,8.897659487,8.75898351,2.648224769,2.457556585,14.13491272,2.780625332,2.890567389,4.302539137
2013,YR2013,Pakistan,PAK,231218567179,2.675037119,13.58083445,3.059278194,4.396456634,2.804256529,10.07351072,4.253063828,2.663050676,2.777410144,2.583309183,2.138766558,0.5809995606,1.810099357,0.7504349099,4.845250544,5.133263873
2013,YR2013,Sri Lanka,LKA,77000596661,4.045676244,6.63636364,7.005637939,4.05174633,3.242988526,0.09360965285,,,-8.831136998,5.534507109,7.794559523,6.956710141,-1.529790658,2.973923692,2.185783651,4.4501084
2014,YR2014,Afghanistan,AFG,20550582747,-0.1007051337,,,2.724543364,-0.9648033292,,,,,,,,,2.765780538,-1.836502527,4.530153939
2014,YR2014,Bangladesh,BGD,172885454931,4.371870053,3.201149272,4.275974329,6.061059359,4.747779227,7.885150833,4.692012187,3.395684011,9.855051328,9.855051328,4.005587375,2.717758719,1.168323867,8.160014235,8.766757023,5.624357478
2014,YR2014,Bhutan,BTN,1907090813,2.13247774,-5.290830225,-6.149087231,5.77649568,4.703729522,2.36837069,5.730860332,4.658556999,27.15613058,30.0881773,-8.386716962,-9.31584237,-3.272563759,3.712273902,9.159066581,8.240239024
2014,YR2014,India,IND,2039127446299,-0.2164481913,1.777590733,6.572483107,7.410227605,6.086180227,7.585614998,7.494874593,6.169783771,7.693622236,2.603247441,6.393855559,5.082337014,0.8712307641,7.000633488,7.895669766,9.810593093
2014,YR2014,Maldives,MDV,3697351597,-0.3051733933,,,7.329626203,3.20629856,,,,,,,,,16.16152033,-1.064955026,6.961045471
2014,YR2014,Nepal,NPL,22731602970,4.486647983,17.83581914,3.733938785,6.011482841,5.700533238,11.49070255,6.839358827,6.525980924,14.91562109,12.52329664,3.043724478,2.741479813,21.00885241,7.474165047,6.048840675,6.049451315
2014,YR2014,Pakistan,PAK,244360888751,2.496529759,-1.480176254,5.081275027,4.674707982,3.209994306,1.502421781,4.634549357,3.170397621,2.755997931,2.521905823,5.587431998,4.109946571,0.2543373727,4.530246242,5.648924709,4.459481114
2014,YR2014,Sri Lanka,LKA,82528526230,4.57192042,4.262574593,3.880805591,6.377978897,5.38986888,5.975894377,,,11.53131379,-1.675277819,3.658760963,2.695908866,9.566639409,9.899117252,2.32141856,4.689755884
2015,YR2015,Afghanistan,AFG,19998156214,-5.657217847,,,1.45131466,-1.666416415,,,,,,,,,4.171121322,0.4093910829,2.135107786
2015,YR2015,Bangladesh,BGD,195078678697,3.328381063,-2.829990167,6.028724761,6.552639879,5.291060808,8.751570509,6.354337867,5.095106684,7.118800733,7.118800733,5.817129637,4.564258979,3.202705182,9.666904855,10.31057687,5.801061766
2015,YR2015,Bhutan,BTN,2003598213,4.6599084,-3.176506224,10.64749158,6.642232105,5.649806271,10.80144292,6.632606168,5.640269914,15.7348379,13.29332153,10.60229866,9.57301996,13.4815666,8.215780756,4.414211523,8.504916207
2015,YR2015,India,IND,2103587813813,0.6495993124,-5.647087275,7.857452724,7.996253786,6.721067631,7.461134837,8.018964901,6.743510581,4.729523521,6.530832412,7.928111121,6.653729574,-5.850043681,9.577346165,13.05939358,9.438240948
2015,YR2015,Maldives,MDV,4109424800,-0.4056958854,-9.88215136,15.87646051,2.88454853,-1.566407737,3.723150852,4.552143392,0.02904420461,13.84520987,17.79907835,22.09272784,16.81079387,1.025292788,18.14233623,7.174117553,2.368195622
2015,YR2015,Nepal,NPL,24360795411,1.200856803,2.315979357,3.366021138,3.976053274,3.417884305,11.50213797,3.902638391,3.344863531,6.980951029,14.99414948,2.582703921,2.032014793,9.583382565,2.001965849,0.06285256911,5.372742921
2015,YR2015,Pakistan,PAK,270556131701,2.130032832,-6.343528476,3.522899689,4.731147475,3.382018952,8.131486816,4.641291153,3.293320143,14.55011206,15.77322962,2.896324329,1.570831679,-1.607358483,5.180028865,3.884888249,4.361227453
2015,YR2015,Sri Lanka,LKA,85140963537,5.384099173,4.660670482,7.779052608,4.205955475,3.251852306,10.23577541,,,3.792476456,0.05866478468,7.51286056,6.528479576,10.59701493,1.094002849,5.019372012,5.250727836
2016,YR2016,Afghanistan,AFG,18019558182,5.971751858,,,2.260314201,-0.345802497,,,,,,,,,-0.7659144386,1.087939525,1.979482699
2016,YR2016,Bangladesh,BGD,265236247989,2.786267951,2.196749645,3.399133115,7.113478213,5.803210398,8.368428486,5.395267333,4.106017567,8.909372151,8.909372151,3.002255149,1.742277954,-7.091884622,11.09373384,11.6908152,6.246900707
2016,YR2016,Bhutan,BTN,2158972129,4.225055815,-5.278638504,-0.8132188562,8.127033538,7.191508662,4.213549048,6.394989285,5.474450212,12.47494164,10.59031768,-2.291495452,-3.136878273,-6.624492363,6.936500311,2.423097295,9.800436079
2016,YR2016,India,IND,2294797980509,6.797558631,4.984257621,7.820010186,8.256305502,6.980989701,6.073042313,7.29946829,6.035424531,3.674568081,8.458450123,8.130124545,6.856295222,4.381893904,7.720083979,7.926821421,8.463063849
2016,YR2016,Maldives,MDV,4379136462,1.474093149,8.925596722,10.01356773,6.338300636,1.967739642,3.296294208,7.440700733,3.024830506,0.08762511008,2.832426181,12.9324337,8.290850309,9.666268817,8.901025422,8.3571891,6.688905744
2016,YR2016,Nepal,NPL,24524098185,-0.08432267511,-17.3059182,2.629004122,0.4331137178,-0.4711820053,-11.96139116,0.3112860634,-0.5919127284,-7.622762454,6.387353706,4.155854949,3.218039813,3.151109705,-4.133155073,-9.508105095,1.186735552
2016,YR2016,Pakistan,PAK,313629858860,0.1539479478,-1.603304401,7.697696482,5.526735845,4.263753957,8.228474828,5.49942894,4.236773871,7.27255824,7.469288098,7.621861251,6.333804149,16.02185807,5.693360858,3.685815477,5.722803161
2016,YR2016,Sri Lanka,LKA,88012262257,-4.666417371,4.874180562,2.542894378,5.05362489,3.899189452,0.1207206507,4.903891929,3.751101908,12.02051728,13.35357054,2.88042261,1.749868515,6.989113803,7.42743022,3.424133725,4.742118975
2017,YR2017,Afghanistan,AFG,18896352022,6.411059022,,,2.647003202,-0.2535937818,,,,,,,,,9.206792438,18.12296895,-0.6825463162
2017,YR2017,Bangladesh,BGD,293754646182,3.196007227,-1.843280816,6.344413237,6.590249998,5.266455113,7.202527081,5.315837614,4.007870261,8.359573659,8.359573659,6.26914014,4.94933327,5.164200015,8.272164853,7.086439687,6.374987958
2017,YR2017,Bhutan,BTN,2450364928,2.948275501,6.450965722,5.703951155,4.651834675,3.771571241,4.379431572,4.532384618,3.65312592,-2.346998906,-1.207814557,6.11939959,5.22679195,-0.3974480063,2.547213928,6.457491816,6.717971346
2017,YR2017,India,IND,2651472946375,6.605921519,4.564707763,7.081569863,6.795383419,5.568333514,11.92117092,7.823742636,6.584877163,10.83628979,7.802143772,6.238808064,5.018153058,17.41998338,5.860542317,7.527063603,6.343062899
2017,YR2017,Maldives,MDV,4754175869,8.260000481,7.428035045,6.451852357,7.209910123,3.082105514,-10.22650169,7.467954875,3.330215006,10.9213041,7.545177646,13.08073453,8.726890967,8.221496796,13.00223448,12.96499921,6.19393974
2017,YR2017,Nepal,NPL,28971589213,5.174728419,8.855303757,2.464078332,8.977279354,7.731269075,21.41965872,8.737705412,7.494434343,55.17144194,23.08266778,0.7873754147,-0.3649942033,28.24477482,17.1374043,16.82698287,8.379978462
2017,YR2017,Pakistan,PAK,339205615769,2.21628511,2.471341456,6.644652629,4.432625907,3.05478922,4.487834216,4.66435193,3.283457955,7.413258073,7.730673852,6.928249742,5.517486927,18.98362124,4.607353819,4.867424521,5.621716812
2017,YR2017,Sri Lanka,LKA,94376246467,-1.825749314,7.659440036,0.1239979757,6.460681271,5.264214931,5.500353244,6.507669179,5.310674762,18.34169188,12.06540644,-0.6050968215,-1.722153885,6.730138666,12.96167004,4.787617213,3.649042033
2018,YR2018,Afghanistan,AFG,18418848300,-4.41531138,,,1.189228128,-1.688576593,,,,,,,,,11.07464165,22.92105994,1.938171299
2018,YR2018,Bangladesh,BGD,321379023557,3.544539901,6.105919706,9.077002553,7.31941263,6.080237769,5.277484937,7.925878567,6.679701083,12.13290122,12.13290122,9.413220737,8.1498695,23.93497773,10.19581392,10.45244155,6.553621083
2018,YR2018,Bhutan,BTN,2446866405,4.248323771,4.579968769,11.14122823,3.055129837,2.247154987,3.045155621,2.726682029,1.921282282,-5.488827246,-6.265069351,13.63900463,12.74804988,6.571882839,-4.983136051,2.608328683,8.907363368
2018,YR2018,India,IND,2702929718960,2.096466003,11.93187075,7.029139287,6.453851345,5.302408679,6.699859286,6.467464802,5.315874888,10.95473368,11.20306858,7.089546624,5.931228052,8.822696752,5.316411492,5.411556885,7.171913879
2018,YR2018,Maldives,MDV,5300962660,4.778006711,10.46034343,10.21127534,8.123128908,4.30030192,8.944485639,7.112381484,3.325290721,9.17690505,29.05580892,10.61099099,6.700202564,12.80748556,15.52732337,11.43750736,7.272633152
2018,YR2018,Nepal,NPL,33111525872,2.60925954,7.694145508,5.773247459,7.622376108,6.401863287,2.051561562,7.238616741,6.022456019,12.18381601,11.81135743,6.169837332,4.965797314,19.03896886,10.36448702,9.206691966,9.253466767
2018,YR2018,Pakistan,PAK,356128224957,3.876501225,10.04060752,7.011351699,6.151702611,4.532445206,5.486887452,6.100811543,4.482330439,9.86132308,10.29341594,7.207226576,5.571868017,15.73328872,9.183034123,7.078970918,5.952782392
2018,YR2018,Sri Lanka,LKA,94493847352,6.265461836,5.375058123,6.490835461,2.310084255,1.243075531,18.70249825,2.234195993,1.167978721,-5.440561432,0.6361768197,4.733071153,3.6407927,3.262427156,-1.069650593,3.785923599,4.282398161
2019,YR2019,Afghanistan,AFG,18904490263,17.45982481,,,3.911603419,0.9328333887,,,,,,,,,4.848868092,6.44963648,-1.38573516
2019,YR2019,Bangladesh,BGD,351238474245,3.260577684,11.45647339,5.525802955,7.881915151,6.687662727,13.39924766,7.907862953,6.713323287,6.880280237,6.880280237,4.855419609,3.69467048,0.5054851099,11.63332345,12.33450681,6.879814231
2019,YR2019,Bhutan,BTN,2535657069,1.300407775,14.39473951,8.249389659,5.755169993,5.016153346,10.80141875,5.677950918,4.939473878,-16.55479343,-16.56036753,7.535443018,6.783985831,-6.207579906,2.006335719,-0.005204459718,13.20362139
2019,YR2019,India,IND,2831552222520,5.520315251,-3.394738677,4.938809003,3.73791852,2.679716666,3.43756593,3.860894244,2.801437948,-2.225285845,1.552958712,5.213214064,4.139963128,-0.8440607646,-1.36614315,-2.906765387,6.343011244
2019,YR2019,Maldives,MDV,5609400722,-7.465216524,6.684740243,2.365763556,7.097466015,3.966321169,-4.316450635,6.572887278,3.457079228,-1.567684726,-2.573385455,4.442464694,1.388942542,-0.2565390072,2.143284454,1.78984009,8.815930401
2019,YR2019,Nepal,NPL,34186190996,5.156927906,5.543507178,8.290176204,6.657055428,5.451916541,9.761284394,7.083016164,5.873064263,11.12493518,11.34611048,8.139492934,6.917603696,5.815220184,7.379299502,6.522667246,6.763262775
2019,YR2019,Pakistan,PAK,320909489230,0.9391588403,13.17232634,4.768422368,2.497636929,0.8626742216,-1.576998701,2.259428772,0.6282657755,-9.696389534,-11.06343283,5.570647672,3.886666683,7.611928266,0.2478086235,4.521463425,5.004554461
2019,YR2019,Sri Lanka,LKA,89014990792,0.4538101042,1.704179882,4.208278236,-0.2204838868,-0.829146715,6.557463587,-0.4583354942,-1.065547409,-11.9273516,-10.5510082,3.8250309,3.191690116,-3.505177755,-4.089729996,2.028276532,2.929285778
2020,YR2020,Afghanistan,AFG,20143442151,5.942340398,,,-2.351100673,-5.364665931,,,,,,,,,-4.630253171,-3.537012389,-5.916751603
2020,YR2020,Bangladesh,BGD,373902134700,3.420947932,-17.50239229,2.908657543,3.448021455,2.271105153,1.951448666,3.524296065,2.346511996,3.945871702,3.945871702,2.996799856,1.825017051,-11.40956195,3.611089963,1.680818858,3.932862738
2020,YR2020,Bhutan,BTN,2325184481,4.569432409,-20.21986527,-4.336501774,-10.00969926,-10.59763133,4.10334718,-7.164550304,-7.771070531,-15.99414219,-16.53376583,-6.769301148,-7.378403649,-12.38246007,-12.83699138,-20.76083088,-6.926308211
2020,YR2020,India,IND,2667687951797,3.315789439,-9.238184727,-4.54269738,-6.596080522,-7.484046473,3.593081088,-6.96827414,-7.852701746,-11.38747903,-10.40425443,-6.004700231,-6.898288275,-13.81010409,-3.264418268,-0.5993850112,-7.820996249
2020,YR2020,Maldives,MDV,3746321936,7.082687164,-51.35508111,-19.95455876,-33.49279579,-34.77655892,5.368535543,-32.68569196,-33.9850343,-30.61458706,-36.64290498,-27.16448041,-28.5703966,-41.09186496,-24.77446049,-20.11656969,-34.34748763
2020,YR2020,Nepal,NPL,33433670512,2.431657885,-15.88213871,3.616654786,-2.369620627,-4.086568589,3.814742099,-2.264591245,-3.983386276,-26.6735564,-8.929999994,3.596060735,1.774199071,-20.84809037,-4.023454985,-9.02900686,-4.530687439
2020,YR2020,Pakistan,PAK,300425666773,3.914601108,1.515410229,-1.636014056,-1.274087443,-2.97029465,8.509275706,-1.359868819,-3.054602218,-6.058329486,-6.676441645,-2.831800935,-4.501245108,-5.063518733,-5.745135593,-7.796860039,-1.208988137
2020,YR2020,Sri Lanka,LKA,85349112171,-1.428140022,-29.55934908,-4.444098678,-3.472296819,-3.983141911,3.558527405,-3.388328598,-3.899618067,1.768736805,-9.826612211,-5.78401041,-6.282621423,-20.06782337,-5.323553553,-2.563995743,-1.930331116
2021,YR2021,Afghanistan,AFG,14786861638,-2.833169083,,,-20.73714562,-22.96529586,,,,,,,,,-14.18515635,-7.219810238,-32.73638713
2021,YR2021,Bangladesh,BGD,416264942893,3.174571822,9.191456118,7.920382614,6.938675089,5.716645098,6.877224787,8.065666936,6.830758369,8.090779149,8.090779149,8.015464419,6.781129536,15.26594174,10.28710263,11.58511924,5.732182069
2021,YR2021,Bhutan,BTN,2539552985,2.052548983,8.921679859,5.064028603,4.087618798,3.420910534,5.726247804,4.144500559,3.477427952,12.60056534,12.88794484,4.850874534,4.179277419,15.74444067,1.955590606,2.692612478,6.316345097
2021,YR2021,India,IND,3176295065497,3.010923745,24.32412527,7.027464332,8.681228731,7.818248962,2.570772836,8.423118276,7.562188025,21.70561595,15.80080027,7.910109788,7.053253064,35.46516548,10.2685863,9.924739889,8.440386131
2021,YR2021,Maldives,MDV,5405576236,-0.6360802872,89.46717014,23.27026466,41.74510055,39.83716018,9.359433552,38.69294023,36.82608304,15.9007877,15.04903336,28.99999978,27.26361308,35.19569981,4.511792977,13.79598055,46.84389826
2021,YR2021,Nepal,NPL,36288830373,2.848003789,-21.07601778,3.702329803,4.246940141,1.864680626,-1.655705772,3.612312176,1.244555231,30.42710901,9.797000003,4.260551404,1.877980844,16.32252299,4.507743109,4.138008301,4.193597721
2021,YR2021,Pakistan,PAK,348262544719,3.47566805,6.521199155,8.422163089,6.487086774,4.551848476,1.816885397,7.089386213,5.143202053,4.700798628,4.456660093,9.291570063,7.305364614,14.48597215,7.810352222,10.51813918,6.000812023
,,,,88927263725,2.501390476,10.25746364,5.702946426,3.326763818,2.221490166,3.088758488,3.773067308,2.663019603,-4.123228563,10.08361887,6.184053478,5.048215751,4.103439019,5.624352382,7.516031559,3.339055863